order_id,order_datetime,customer_id,product_id,quantity,selling_price,discount_percent,gross_amount,discount_amount,net_amount,product_cost,shipping_cost,payment_fee,profit,order_status,profit_margin,profit_status,discount_category
O00001,2026-08-01 02:58:13,C0089,P045,4,62341.11,5,249364.44,12468.22,236896.22,185721.04,368.68,4651.06,46155.44,Completed,19.48,Profit,Low Discount
O00002,2026-06-16 05:22:52,C0039,P027,2,10161.47,20,20322.94,4064.59,16258.35,14831.52,100.04,322.77,1004.02,Completed,6.18,Profit,High Discount
O00003,2026-06-28 03:19:53,C0092,P020,4,57264.84,15,229059.36,34358.9,194700.46,176749.44,420.26,4844.97,12685.79,Completed,6.52,Profit,Medium Discount
O00004,2026-07-14 15:01:44,C0092,P049,1,24913.36,20,24913.36,4982.67,19930.69,16263.03,150.62,583.26,2933.78,Completed,14.72,Profit,High Discount
O00005,2026-07-05 10:09:43,C0032,P045,5,62341.11,5,311705.55,15585.28,296120.27,232151.3,69.53,8437.32,55462.12,Cancelled,18.73,Profit,Low Discount
O00006,2026-05-27 23:56:03,C0036,P035,3,54528.17,25,163584.51,40896.13,122688.38,132465.87,285.39,2771.28,-12834.16,Completed,-10.46,Loss,High Discount
O00007,2026-06-23 04:01:49,C0031,P001,5,27812.76,15,139063.8,20859.57,118204.23,108554.3,222.89,2924.61,6502.43,Cancelled,5.5,Profit,Medium Discount
O00008,2026-08-12 02:27:28,C0074,P032,4,39676.81,0,158707.24,0.0,158707.24,103936.08,201.05,2125.66,52444.45,Completed,33.04,Profit,No Discount
O00009,2026-07-11 18:00:27,C0008,P050,4,35590.05,0,142360.2,0.0,142360.2,110921.72,488.48,4231.55,26718.45,Completed,18.77,Profit,No Discount
O00010,2026-06-04 05:22:32,C0017,P009,1,19784.64,10,19784.64,1978.46,17806.18,14190.54,321.25,274.56,3019.83,Completed,16.96,Profit,Medium Discount
O00011,2026-06-10 12:00:23,C0035,P006,2,14835.37,10,29670.74,2967.07,26703.67,21110.98,311.52,757.94,4523.23,Completed,16.94,Profit,Medium Discount
O00012,2026-05-21 01:53:17,C0030,P050,3,35590.05,0,106770.15,0.0,106770.15,83191.29,61.87,1871.6,21645.39,Completed,20.27,Profit,No Discount
O00013,2026-07-24 14:02:57,C0096,P047,1,24905.73,5,24905.73,1245.29,23660.44,18759.81,387.31,422.57,4090.75,Completed,17.29,Profit,Low Discount
O00014,2026-06-28 02:32:51,C0049,P013,1,48575.8,10,48575.8,4857.58,43718.22,33508.29,236.67,676.24,9297.02,Completed,21.27,Profit,Medium Discount
O00015,2026-05-16 22:24:03,C0006,P028,1,23427.95,10,23427.95,2342.8,21085.16,18608.79,387.46,595.94,1492.96,Completed,7.08,Profit,Medium Discount
O00016,2026-07-06 05:57:43,C0053,P037,2,5368.01,15,10736.02,1610.4,9125.62,8780.34,161.31,173.49,10.48,Completed,0.11,Profit,Medium Discount
O00017,2026-08-14 15:12:23,C0051,P045,5,62341.11,5,311705.55,15585.28,296120.27,232151.3,445.2,7444.46,56079.31,Completed,18.94,Profit,Low Discount
O00018,2026-08-03 01:45:59,C0095,P008,2,21730.36,10,43460.72,4346.07,39114.65,32802.9,264.29,1041.52,5005.94,Completed,12.8,Profit,Medium Discount
O00019,2026-07-08 01:08:38,C0065,P044,5,14190.49,0,70952.45,0.0,70952.45,45100.55,406.32,1546.7,23898.88,Completed,33.68,Profit,No Discount
O00020,2026-07-22 10:57:11,C0023,P015,5,52959.23,10,264796.15,26479.62,238316.54,192970.85,366.84,3398.22,41580.63,Completed,17.45,Profit,Medium Discount
O00021,2026-07-25 14:51:12,C0098,P038,2,7609.77,10,15219.54,1521.95,13697.59,10506.56,226.51,256.82,2707.7,Cancelled,19.77,Profit,Medium Discount
O00022,2026-07-27 19:19:44,C0052,P038,1,7609.77,15,7609.77,1141.47,6468.3,5253.28,228.44,145.16,841.42,Completed,13.01,Profit,Medium Discount
O00023,2026-07-27 07:52:56,C0005,P029,4,44167.07,10,176668.28,17666.83,159001.45,126999.12,428.94,4035.2,27538.19,Completed,17.32,Profit,Medium Discount
O00024,2026-07-20 21:08:15,C0069,P034,5,38663.96,5,193319.8,9665.99,183653.81,139245.0,144.11,3965.64,40299.06,Completed,21.94,Profit,Low Discount
O00025,2026-06-04 21:35:06,C0023,P016,3,6487.76,0,19463.28,0.0,19463.28,16718.97,338.39,265.43,2140.49,Completed,11.0,Profit,No Discount
O00026,2026-06-21 03:09:27,C0067,P032,3,39676.81,10,119030.43,11903.04,107127.39,77952.06,487.9,2360.95,26326.48,Completed,24.57,Profit,Medium Discount
O00027,2026-06-27 15:27:20,C0021,P005,2,57603.46,5,115206.92,5760.35,109446.57,90968.32,129.65,1288.63,17059.97,Completed,15.59,Profit,Low Discount
O00028,2026-05-23 13:30:38,C0012,P026,2,3524.72,0,7049.44,0.0,7049.44,5527.28,198.54,115.83,1207.79,Completed,17.13,Profit,No Discount
O00029,2026-07-20 06:14:45,C0047,P022,3,753.69,20,2261.07,452.21,1808.86,1638.66,77.49,28.11,64.6,Completed,3.57,Profit,High Discount
O00030,2026-08-14 04:00:41,C0099,P015,2,52959.23,15,105918.46,15887.77,90030.69,77188.34,289.07,2197.68,10355.6,Completed,11.5,Profit,Medium Discount
O00031,2026-06-17 19:52:54,C0059,P007,3,63520.31,20,190560.93,38112.19,152448.74,134287.2,280.25,3146.89,14734.4,Completed,9.67,Profit,High Discount
O00032,2026-07-16 06:31:02,C0038,P035,3,54528.17,5,163584.51,8179.23,155405.28,132465.87,171.16,2726.69,20041.56,Completed,12.9,Profit,Low Discount
O00033,2026-06-16 05:56:11,C0057,P017,2,42246.44,10,84492.88,8449.29,76043.59,69673.4,154.95,1281.98,4933.26,Completed,6.49,Profit,Medium Discount
O00034,2026-07-20 04:15:53,C0010,P003,1,10250.36,10,10250.36,1025.04,9225.32,8692.1,89.11,191.35,252.76,Completed,2.74,Profit,Medium Discount
O00035,2026-08-07 02:28:43,C0008,P040,1,30510.63,10,30510.63,3051.06,27459.57,24795.91,220.45,459.92,1983.29,Cancelled,7.22,Profit,Medium Discount
O00036,2026-05-28 20:51:28,C0064,P034,3,38663.96,5,115991.88,5799.59,110192.29,83547.0,493.93,2436.96,23714.4,Completed,21.52,Profit,Low Discount
O00037,2026-07-25 15:36:32,C0022,P021,4,57718.84,20,230875.36,46175.07,184700.29,181440.24,89.55,4823.87,-1653.37,Completed,-0.9,Loss,High Discount
O00038,2026-08-12 03:43:16,C0009,P003,3,10250.36,0,30751.08,0.0,30751.08,26076.3,363.63,920.84,3390.31,Cancelled,11.03,Profit,No Discount
O00039,2026-06-14 22:15:41,C0084,P028,3,23427.95,20,70283.85,14056.77,56227.08,55826.37,417.68,852.29,-869.26,Completed,-1.55,Loss,High Discount
O00040,2026-07-05 00:08:27,C0051,P002,3,36560.51,10,109681.53,10968.15,98713.38,77426.64,175.99,2506.32,18604.43,Completed,18.85,Profit,Medium Discount
O00041,2026-06-15 19:08:43,C0068,P019,4,58038.98,10,232155.92,23215.59,208940.33,161777.56,159.08,2569.28,44434.41,Completed,21.27,Profit,Medium Discount
O00042,2026-07-20 12:25:59,C0064,P038,5,7609.77,10,38048.85,3804.89,34243.97,26266.4,469.41,562.04,6946.12,Completed,20.28,Profit,Medium Discount
O00043,2026-06-25 10:05:04,C0006,P050,2,35590.05,10,71180.1,7118.01,64062.09,55460.86,297.01,899.09,7405.13,Completed,11.56,Profit,Medium Discount
O00044,2026-06-17 10:31:16,C0084,P001,5,27812.76,0,139063.8,0.0,139063.8,108554.3,102.51,2706.64,27700.35,Completed,19.92,Profit,No Discount
O00045,2026-06-24 20:07:15,C0035,P030,1,3158.31,20,3158.31,631.66,2526.65,2230.6,385.69,45.91,-135.55,Cancelled,-5.36,Loss,High Discount
O00046,2026-07-23 11:04:24,C0075,P009,2,19784.64,0,39569.28,0.0,39569.28,28381.08,79.92,982.21,10126.07,Completed,25.59,Profit,No Discount
O00047,2026-06-14 11:23:11,C0064,P029,3,44167.07,15,132501.21,19875.18,112626.03,95249.34,140.73,1494.9,15741.06,Completed,13.98,Profit,Medium Discount
O00048,2026-07-09 14:20:04,C0005,P019,3,58038.98,10,174116.94,17411.69,156705.25,121333.17,458.54,2558.05,32355.49,Completed,20.65,Profit,Medium Discount
O00049,2026-05-29 03:03:43,C0018,P040,3,30510.63,10,91531.89,9153.19,82378.7,74387.73,292.9,1546.65,6151.42,Completed,7.47,Profit,Medium Discount
O00050,2026-06-04 09:28:47,C0017,P033,2,39743.89,10,79487.78,7948.78,71539.0,54328.22,457.91,1608.54,15144.33,Completed,21.17,Profit,Medium Discount
O00051,2026-06-26 14:10:15,C0006,P003,3,10250.36,5,30751.08,1537.55,29213.53,26076.3,112.67,756.06,2268.5,Completed,7.77,Profit,Low Discount
O00052,2026-07-20 07:51:28,C0094,P039,3,35994.24,15,107982.72,16197.41,91785.31,67594.56,118.25,1490.08,22582.42,Completed,24.6,Profit,Medium Discount
O00053,2026-06-22 13:55:57,C0055,P033,4,39743.89,10,158975.56,15897.56,143078.0,108656.44,393.11,3939.7,30088.75,Completed,21.03,Profit,Medium Discount
O00054,2026-07-21 12:43:30,C0038,P013,4,48575.8,10,194303.2,19430.32,174872.88,134033.16,321.78,3505.46,37012.48,Completed,21.17,Profit,Medium Discount
O00055,2026-07-28 09:44:23,C0029,P047,4,24905.73,15,99622.92,14943.44,84679.48,75039.24,374.02,1932.64,7333.58,Completed,8.66,Profit,Medium Discount
O00056,2026-08-12 10:08:57,C0036,P026,3,3524.72,10,10574.16,1057.42,9516.74,8290.92,422.06,277.71,526.05,Completed,5.53,Profit,Medium Discount
O00057,2026-06-02 15:58:23,C0006,P008,2,21730.36,20,43460.72,8692.14,34768.58,32802.9,119.01,755.33,1091.34,Completed,3.14,Profit,High Discount
O00058,2026-07-15 12:42:49,C0089,P033,4,39743.89,10,158975.56,15897.56,143078.0,108656.44,96.0,4059.84,30265.72,Completed,21.15,Profit,Medium Discount
O00059,2026-07-11 00:34:16,C0037,P008,2,21730.36,15,43460.72,6519.11,36941.61,32802.9,218.5,420.34,3499.87,Completed,9.47,Profit,Medium Discount
O00060,2026-06-14 23:43:26,C0078,P040,1,30510.63,20,30510.63,6102.13,24408.5,24795.91,252.88,299.36,-939.65,Pending,-3.85,Loss,High Discount
O00061,2026-06-25 04:41:01,C0036,P023,1,17155.13,5,17155.13,857.76,16297.37,13616.73,190.15,237.09,2253.4,Completed,13.83,Profit,Low Discount
O00062,2026-07-08 23:14:46,C0047,P009,5,19784.64,5,98923.2,4946.16,93977.04,70952.7,411.28,948.48,21664.58,Completed,23.05,Profit,Low Discount
O00063,2026-08-05 17:10:49,C0063,P025,2,12111.87,20,24223.74,4844.75,19378.99,15149.46,205.86,328.26,3695.41,Completed,19.07,Profit,High Discount
O00064,2026-05-16 19:24:21,C0017,P043,3,16032.71,10,48098.13,4809.81,43288.32,34989.69,113.39,585.59,7599.65,Completed,17.56,Profit,Medium Discount
O00065,2026-06-15 06:32:23,C0070,P024,1,4338.48,5,4338.48,216.92,4121.56,3431.63,311.26,93.33,285.34,Completed,6.92,Profit,Low Discount
O00066,2026-06-13 15:01:02,C0085,P049,1,24913.36,25,24913.36,6228.34,18685.02,16263.03,116.9,341.8,1963.29,Completed,10.51,Profit,High Discount
O00067,2026-06-06 04:13:16,C0061,P040,1,30510.63,5,30510.63,1525.53,28985.1,24795.91,189.47,520.18,3479.54,Completed,12.0,Profit,Low Discount
O00068,2026-06-27 12:10:19,C0056,P019,5,58038.98,10,290194.9,29019.49,261175.41,202221.95,219.98,6981.56,51751.92,Completed,19.82,Profit,Medium Discount
O00069,2026-08-01 01:24:38,C0001,P014,3,9054.92,10,27164.76,2716.48,24448.28,18467.37,285.98,460.0,5234.93,Completed,21.41,Profit,Medium Discount
O00070,2026-07-12 01:55:20,C0038,P004,1,1247.78,5,1247.78,62.39,1185.39,995.12,83.98,29.71,76.58,Completed,6.46,Profit,Low Discount
O00071,2026-07-14 16:05:02,C0083,P046,2,19668.85,10,39337.7,3933.77,35403.93,29727.1,61.42,464.61,5150.8,Completed,14.55,Profit,Medium Discount
O00072,2026-07-19 08:02:04,C0093,P008,1,21730.36,10,21730.36,2173.04,19557.32,16401.45,164.25,272.28,2719.34,Completed,13.9,Profit,Medium Discount
O00073,2026-06-17 01:21:18,C0072,P047,5,24905.73,0,124528.65,0.0,124528.65,93799.05,343.74,1838.5,28547.36,Completed,22.92,Profit,No Discount
O00074,2026-06-30 21:57:39,C0096,P024,3,4338.48,25,13015.44,3253.86,9761.58,10294.89,474.98,125.16,-1133.45,Completed,-11.61,Loss,High Discount
O00075,2026-06-28 15:53:45,C0055,P048,2,4611.21,0,9222.42,0.0,9222.42,7413.44,88.48,130.57,1589.93,Completed,17.24,Profit,No Discount
O00076,2026-06-28 16:46:01,C0019,P036,5,65042.97,10,325214.85,32521.48,292693.36,211818.6,451.7,7712.14,72710.92,Completed,24.84,Profit,Medium Discount
O00077,2026-07-21 08:47:08,C0002,P003,4,10250.36,15,41001.44,6150.22,34851.22,34768.4,205.34,887.89,-1010.41,Completed,-2.9,Loss,Medium Discount
O00078,2026-06-06 12:25:13,C0053,P044,3,14190.49,20,42571.47,8514.29,34057.18,27060.33,393.62,436.01,6167.22,Completed,18.11,Profit,High Discount
O00079,2026-07-05 09:34:54,C0059,P046,1,19668.85,10,19668.85,1966.88,17701.96,14863.55,280.61,439.61,2118.2,Completed,11.97,Profit,Medium Discount
O00080,2026-07-01 17:03:49,C0025,P039,1,35994.24,0,35994.24,0.0,35994.24,22531.52,425.72,1068.6,11968.4,Completed,33.25,Profit,No Discount
O00081,2026-08-01 19:59:51,C0098,P023,5,17155.13,0,85775.65,0.0,85775.65,68083.65,461.43,1059.76,16170.81,Completed,18.85,Profit,No Discount
O00082,2026-08-12 06:21:48,C0038,P034,1,38663.96,10,38663.96,3866.4,34797.56,27849.0,273.86,849.2,5825.5,Completed,16.74,Profit,Medium Discount
O00083,2026-08-02 01:19:55,C0086,P021,3,57718.84,20,173156.52,34631.3,138525.22,136080.18,443.25,3040.39,-1038.6,Completed,-0.75,Loss,High Discount
O00084,2026-07-27 05:22:28,C0053,P007,2,63520.31,20,127040.62,25408.12,101632.5,89524.8,238.45,1795.11,10074.14,Completed,9.91,Profit,High Discount
O00085,2026-06-02 05:52:10,C0064,P002,4,36560.51,25,146242.04,36560.51,109681.53,103235.52,132.97,1294.98,5018.06,Completed,4.58,Profit,High Discount
O00086,2026-07-19 17:41:36,C0029,P021,3,57718.84,5,173156.52,8657.83,164498.69,136080.18,210.05,4010.63,24197.83,Completed,14.71,Profit,Low Discount
O00087,2026-05-25 00:02:52,C0099,P034,5,38663.96,10,193319.8,19331.98,173987.82,139245.0,171.46,3618.4,30952.96,Completed,17.79,Profit,Medium Discount
O00088,2026-06-13 07:43:48,C0081,P045,3,62341.11,5,187023.33,9351.17,177672.16,139290.78,396.91,2155.51,35828.96,Completed,20.17,Profit,Low Discount
O00089,2026-07-05 19:33:00,C0017,P001,1,27812.76,15,27812.76,4171.91,23640.85,21710.86,319.23,453.75,1157.01,Completed,4.89,Profit,Medium Discount
O00090,2026-07-20 05:21:05,C0044,P030,2,3158.31,0,6316.62,0.0,6316.62,4461.2,191.57,165.17,1498.68,Pending,23.73,Profit,No Discount
O00091,2026-07-17 05:19:08,C0017,P010,1,73897.59,10,73897.59,7389.76,66507.83,49346.97,133.31,1385.89,15641.66,Completed,23.52,Profit,Medium Discount
O00092,2026-07-15 21:26:32,C0008,P031,5,16534.23,15,82671.15,12400.67,70270.48,57397.45,375.85,1598.28,10898.9,Pending,15.51,Profit,Medium Discount
O00093,2026-06-18 07:30:18,C0082,P025,4,12111.87,5,48447.48,2422.37,46025.11,30298.92,494.45,1329.26,13902.48,Completed,30.21,Profit,Low Discount
O00094,2026-05-25 20:04:04,C0010,P016,1,6487.76,0,6487.76,0.0,6487.76,5572.99,305.58,183.67,425.52,Completed,6.56,Profit,No Discount
O00095,2026-08-04 05:31:29,C0007,P009,3,19784.64,20,59353.92,11870.78,47483.14,42571.62,486.98,1371.57,3052.97,Completed,6.43,Profit,High Discount
O00096,2026-07-28 16:44:19,C0094,P039,3,35994.24,5,107982.72,5399.14,102583.58,67594.56,423.01,1101.76,33464.25,Completed,32.62,Profit,Low Discount
O00097,2026-06-08 13:44:36,C0099,P044,4,14190.49,10,56761.96,5676.2,51085.76,36080.44,448.25,1052.64,13504.43,Completed,26.43,Profit,Medium Discount
O00098,2026-07-21 02:11:15,C0087,P044,1,14190.49,10,14190.49,1419.05,12771.44,9020.11,347.74,316.18,3087.41,Completed,24.17,Profit,Medium Discount
O00099,2026-06-15 21:47:23,C0042,P044,2,14190.49,0,28380.98,0.0,28380.98,18040.22,441.54,295.88,9603.34,Completed,33.84,Profit,No Discount
O00100,2026-06-07 13:54:38,C0013,P018,3,5164.57,0,15493.71,0.0,15493.71,12100.8,54.27,171.26,3167.38,Completed,20.44,Profit,No Discount
O00101,2026-08-03 01:53:15,C0062,P044,1,14190.49,10,14190.49,1419.05,12771.44,9020.11,172.26,229.45,3349.62,Completed,26.23,Profit,Medium Discount
O00102,2026-06-05 02:27:58,C0084,P005,1,57603.46,5,57603.46,2880.17,54723.29,45484.16,99.71,935.35,8204.07,Completed,14.99,Profit,Low Discount
O00103,2026-05-31 01:49:10,C0068,P018,5,5164.57,0,25822.85,0.0,25822.85,20168.0,58.04,768.34,4828.47,Completed,18.7,Profit,No Discount
O00104,2026-05-19 03:22:31,C0049,P024,4,4338.48,5,17353.92,867.7,16486.22,13726.52,477.48,424.14,1858.08,Completed,11.27,Profit,Low Discount
O00105,2026-05-21 06:08:44,C0070,P039,3,35994.24,20,107982.72,21596.54,86386.18,67594.56,495.13,2148.17,16148.32,Completed,18.69,Profit,High Discount
O00106,2026-06-09 12:59:04,C0072,P020,5,57264.84,10,286324.2,28632.42,257691.78,220936.8,323.48,5219.23,31212.27,Completed,12.11,Profit,Medium Discount
O00107,2026-07-01 21:36:28,C0098,P026,1,3524.72,0,3524.72,0.0,3524.72,2763.64,400.81,59.93,300.34,Completed,8.52,Profit,No Discount
O00108,2026-07-15 02:49:53,C0047,P023,1,17155.13,10,17155.13,1715.51,15439.62,13616.73,318.77,316.52,1187.6,Completed,7.69,Profit,Medium Discount
O00109,2026-08-07 06:29:32,C0035,P050,2,35590.05,15,71180.1,10677.02,60503.09,55460.86,119.25,1592.24,3330.74,Completed,5.51,Profit,Medium Discount
O00110,2026-07-30 09:10:11,C0089,P009,4,19784.64,10,79138.56,7913.86,71224.7,56762.16,91.17,1962.18,12409.19,Completed,17.42,Profit,Medium Discount
O00111,2026-05-23 20:09:43,C0092,P029,1,44167.07,0,44167.07,0.0,44167.07,31749.78,433.49,472.96,11510.84,Completed,26.06,Profit,No Discount
O00112,2026-06-29 23:39:23,C0025,P005,3,57603.46,0,172810.38,0.0,172810.38,136452.48,233.8,3016.19,33107.91,Completed,19.16,Profit,No Discount
O00113,2026-06-26 00:10:39,C0005,P048,2,4611.21,10,9222.42,922.24,8300.18,7413.44,482.95,101.17,302.62,Cancelled,3.65,Profit,Medium Discount
O00114,2026-08-10 19:18:31,C0077,P017,2,42246.44,10,84492.88,8449.29,76043.59,69673.4,266.26,1661.41,4442.52,Completed,5.84,Profit,Medium Discount
O00115,2026-07-16 21:55:10,C0056,P040,2,30510.63,10,61021.26,6102.13,54919.13,49591.82,439.02,1355.31,3532.98,Completed,6.43,Profit,Medium Discount
O00116,2026-07-11 15:52:13,C0080,P040,4,30510.63,20,122042.52,24408.5,97634.02,99183.64,440.28,2359.55,-4349.45,Completed,-4.45,Loss,High Discount
O00117,2026-06-04 15:31:36,C0089,P042,4,60982.04,10,243928.16,24392.82,219535.34,181294.88,388.72,2891.74,34960.0,Cancelled,15.92,Profit,Medium Discount
O00118,2026-07-25 12:19:38,C0058,P031,2,16534.23,0,33068.46,0.0,33068.46,22958.98,200.8,822.42,9086.26,Completed,27.48,Profit,No Discount
O00119,2026-07-23 09:04:58,C0100,P002,5,36560.51,10,182802.55,18280.26,164522.3,129044.4,52.87,2589.71,32835.32,Completed,19.96,Profit,Medium Discount
O00120,2026-06-23 01:11:40,C0017,P040,2,30510.63,10,61021.26,6102.13,54919.13,49591.82,292.99,1405.76,3628.56,Completed,6.61,Profit,Medium Discount
O00121,2026-07-03 18:26:32,C0030,P007,2,63520.31,10,127040.62,12704.06,114336.56,89524.8,428.05,2040.11,22343.6,Completed,19.54,Profit,Medium Discount
O00122,2026-06-24 13:43:07,C0037,P029,4,44167.07,0,176668.28,0.0,176668.28,126999.12,396.88,5113.83,44158.45,Completed,25.0,Profit,No Discount
O00123,2026-06-09 10:59:05,C0012,P022,1,753.69,10,753.69,75.37,678.32,546.22,205.65,15.21,-88.76,Completed,-13.09,Loss,Medium Discount
O00124,2026-05-31 02:19:34,C0050,P014,5,9054.92,10,45274.6,4527.46,40747.14,30778.95,341.41,891.87,8734.91,Completed,21.44,Profit,Medium Discount
O00125,2026-07-19 11:11:09,C0029,P011,1,53636.0,5,53636.0,2681.8,50954.2,35624.83,269.89,1294.65,13764.83,Completed,27.01,Profit,Low Discount
O00126,2026-07-22 12:44:10,C0026,P034,2,38663.96,25,77327.92,19331.98,57995.94,55698.0,241.78,1103.53,952.63,Completed,1.64,Profit,High Discount
O00127,2026-05-17 07:22:49,C0029,P029,3,44167.07,5,132501.21,6625.06,125876.15,95249.34,87.07,2971.93,27567.81,Completed,21.9,Profit,Low Discount
O00128,2026-08-11 10:30:29,C0027,P003,1,10250.36,25,10250.36,2562.59,7687.77,8692.1,64.09,189.31,-1257.73,Cancelled,-16.36,Loss,High Discount
O00129,2026-07-28 16:20:02,C0059,P020,3,57264.84,5,171794.52,8589.73,163204.79,132562.08,492.79,2968.15,27181.77,Cancelled,16.66,Profit,Low Discount
O00130,2026-08-08 07:25:54,C0015,P034,5,38663.96,5,193319.8,9665.99,183653.81,139245.0,440.66,4462.51,39505.64,Completed,21.51,Profit,Low Discount
O00131,2026-07-30 12:47:51,C0080,P027,4,10161.47,0,40645.88,0.0,40645.88,29663.04,440.88,1037.77,9504.19,Completed,23.38,Profit,No Discount
O00132,2026-08-10 17:44:36,C0046,P050,4,35590.05,0,142360.2,0.0,142360.2,110921.72,408.56,2261.16,28768.76,Cancelled,20.21,Profit,No Discount
O00133,2026-05-27 02:49:35,C0003,P020,1,57264.84,0,57264.84,0.0,57264.84,44187.36,319.25,1268.19,11490.04,Completed,20.06,Profit,No Discount
O00134,2026-07-31 08:18:39,C0009,P038,1,7609.77,0,7609.77,0.0,7609.77,5253.28,343.18,125.7,1887.61,Completed,24.81,Profit,No Discount
O00135,2026-06-27 01:07:20,C0072,P011,5,53636.0,0,268180.0,0.0,268180.0,178124.15,259.07,6331.5,83465.28,Completed,31.12,Profit,No Discount
O00136,2026-06-07 00:23:48,C0095,P038,3,7609.77,15,22829.31,3424.4,19404.91,15759.84,437.06,496.71,2711.3,Completed,13.97,Profit,Medium Discount
O00137,2026-06-02 20:18:20,C0086,P024,1,4338.48,5,4338.48,216.92,4121.56,3431.63,494.0,52.96,142.97,Completed,3.47,Profit,Low Discount
O00138,2026-08-02 20:10:18,C0086,P028,4,23427.95,5,93711.8,4685.59,89026.21,74435.16,399.11,2566.16,11625.78,Completed,13.06,Profit,Low Discount
O00139,2026-07-23 08:03:07,C0097,P033,1,39743.89,5,39743.89,1987.19,37756.7,27164.11,64.94,436.9,10090.75,Completed,26.73,Profit,Low Discount
O00140,2026-07-06 01:23:20,C0066,P038,2,7609.77,15,15219.54,2282.93,12936.61,10506.56,410.26,181.15,1838.64,Completed,14.21,Profit,Medium Discount
O00141,2026-06-30 20:56:22,C0049,P040,3,30510.63,0,91531.89,0.0,91531.89,74387.73,453.3,2004.14,14686.72,Completed,16.05,Profit,No Discount
O00142,2026-05-21 15:28:38,C0095,P032,1,39676.81,15,39676.81,5951.52,33725.29,25984.02,441.94,818.91,6480.42,Completed,19.22,Profit,Medium Discount
O00143,2026-07-09 21:18:34,C0062,P047,3,24905.73,10,74717.19,7471.72,67245.47,56279.43,347.37,1416.19,9202.48,Completed,13.68,Profit,Medium Discount
O00144,2026-06-09 23:08:02,C0022,P026,3,3524.72,0,10574.16,0.0,10574.16,8290.92,123.8,198.5,1960.94,Completed,18.54,Profit,No Discount
O00145,2026-08-13 20:19:12,C0012,P023,4,17155.13,0,68620.52,0.0,68620.52,54466.92,442.3,987.06,12724.24,Pending,18.54,Profit,No Discount
O00146,2026-08-07 03:13:37,C0100,P045,5,62341.11,15,311705.55,46755.83,264949.72,232151.3,346.42,5289.43,27162.57,Completed,10.25,Profit,Medium Discount
O00147,2026-05-28 13:14:45,C0018,P019,5,58038.98,25,290194.9,72548.73,217646.18,202221.95,488.66,5007.28,9928.29,Completed,4.56,Profit,High Discount
O00148,2026-06-30 02:05:35,C0035,P029,1,44167.07,15,44167.07,6625.06,37542.01,31749.78,128.39,1096.81,4567.03,Completed,12.17,Profit,Medium Discount
O00149,2026-05-29 17:09:45,C0024,P020,5,57264.84,5,286324.2,14316.21,272007.99,220936.8,216.97,8093.05,42761.17,Completed,15.72,Profit,Low Discount
O00150,2026-08-02 13:53:45,C0049,P032,1,39676.81,10,39676.81,3967.68,35709.13,25984.02,376.37,704.66,8644.08,Completed,24.21,Profit,Medium Discount
O00151,2026-06-30 21:09:25,C0034,P036,2,65042.97,25,130085.94,32521.48,97564.46,84727.44,177.73,1676.45,10982.84,Completed,11.26,Profit,High Discount
O00152,2026-07-20 14:01:43,C0018,P040,5,30510.63,15,152553.15,22882.97,129670.18,123979.55,109.21,3153.12,2428.3,Cancelled,1.87,Profit,Medium Discount
O00153,2026-07-07 08:05:13,C0087,P042,4,60982.04,5,243928.16,12196.41,231731.75,181294.88,280.68,4231.57,45924.62,Completed,19.82,Profit,Low Discount
O00154,2026-07-10 00:51:01,C0041,P047,1,24905.73,15,24905.73,3735.86,21169.87,18759.81,92.87,487.81,1829.38,Completed,8.64,Profit,Medium Discount
O00155,2026-07-13 13:57:52,C0028,P002,3,36560.51,15,109681.53,16452.23,93229.3,77426.64,196.34,2374.5,13231.82,Completed,14.19,Profit,Medium Discount
O00156,2026-06-16 13:49:04,C0045,P023,3,17155.13,20,51465.39,10293.08,41172.31,40850.19,248.91,684.19,-610.98,Completed,-1.48,Loss,High Discount
O00157,2026-07-29 02:19:12,C0076,P030,1,3158.31,10,3158.31,315.83,2842.48,2230.6,161.92,63.51,386.45,Completed,13.6,Profit,Medium Discount
O00158,2026-08-11 07:37:58,C0064,P020,4,57264.84,0,229059.36,0.0,229059.36,176749.44,381.38,5331.61,46596.93,Completed,20.34,Profit,No Discount
O00159,2026-06-28 17:43:50,C0044,P028,4,23427.95,10,93711.8,9371.18,84340.62,74435.16,65.38,2507.77,7332.31,Completed,8.69,Profit,Medium Discount
O00160,2026-07-15 06:02:36,C0037,P020,2,57264.84,0,114529.68,0.0,114529.68,88374.72,104.95,2181.1,23868.91,Cancelled,20.84,Profit,No Discount
O00161,2026-08-03 21:33:46,C0069,P033,1,39743.89,10,39743.89,3974.39,35769.5,27164.11,359.69,641.98,7603.72,Completed,21.26,Profit,Medium Discount
O00162,2026-07-25 14:29:23,C0043,P034,1,38663.96,10,38663.96,3866.4,34797.56,27849.0,440.56,664.45,5843.55,Completed,16.79,Profit,Medium Discount
O00163,2026-08-11 09:01:04,C0050,P023,4,17155.13,10,68620.52,6862.05,61758.47,54466.92,106.58,781.51,6403.46,Completed,10.37,Profit,Medium Discount
O00164,2026-07-04 18:40:42,C0050,P042,4,60982.04,15,243928.16,36589.22,207338.94,181294.88,486.46,2462.77,23094.83,Completed,11.14,Profit,Medium Discount
O00165,2026-06-27 04:50:17,C0096,P038,5,7609.77,25,38048.85,9512.21,28536.64,26266.4,164.89,662.98,1442.37,Pending,5.05,Profit,High Discount
O00166,2026-08-05 09:49:36,C0043,P010,2,73897.59,5,147795.18,7389.76,140405.42,98693.94,423.89,3831.97,37455.62,Completed,26.68,Profit,Low Discount
O00167,2026-08-12 19:35:05,C0091,P008,1,21730.36,15,21730.36,3259.55,18470.81,16401.45,354.43,264.38,1450.55,Completed,7.85,Profit,Medium Discount
O00168,2026-07-08 23:05:40,C0053,P048,5,4611.21,10,23056.05,2305.6,20750.44,18533.6,206.86,273.61,1736.38,Completed,8.37,Profit,Medium Discount
O00169,2026-06-29 01:30:51,C0063,P009,1,19784.64,10,19784.64,1978.46,17806.18,14190.54,441.84,456.69,2717.11,Completed,15.26,Profit,Medium Discount
O00170,2026-08-11 21:06:24,C0075,P004,2,1247.78,10,2495.56,249.56,2246.0,1990.24,197.16,52.45,6.15,Completed,0.27,Profit,Medium Discount
O00171,2026-06-01 05:19:30,C0082,P013,1,48575.8,5,48575.8,2428.79,46147.01,33508.29,441.01,808.19,11389.52,Completed,24.68,Profit,Low Discount
O00172,2026-07-27 23:18:10,C0071,P025,5,12111.87,5,60559.35,3027.97,57531.38,37873.65,214.91,1031.16,18411.66,Completed,32.0,Profit,Low Discount
O00173,2026-08-08 09:53:20,C0060,P029,1,44167.07,10,44167.07,4416.71,39750.36,31749.78,295.56,750.82,6954.2,Completed,17.49,Profit,Medium Discount
O00174,2026-07-01 20:31:54,C0011,P035,2,54528.17,15,109056.34,16358.45,92697.89,88310.58,275.2,1932.5,2179.61,Pending,2.35,Profit,Medium Discount
O00175,2026-06-29 11:11:55,C0066,P006,4,14835.37,0,59341.48,0.0,59341.48,42221.96,203.56,1044.64,15871.32,Completed,26.75,Profit,No Discount
O00176,2026-06-10 22:25:13,C0037,P015,4,52959.23,10,211836.92,21183.69,190653.23,154376.68,227.46,4001.48,32047.61,Completed,16.81,Profit,Medium Discount
O00177,2026-07-28 18:13:37,C0043,P045,5,62341.11,0,311705.55,0.0,311705.55,232151.3,53.4,7153.48,72347.37,Cancelled,23.21,Profit,No Discount
O00178,2026-06-09 18:34:14,C0025,P036,3,65042.97,5,195128.91,9756.45,185372.46,127091.16,138.72,3630.27,54512.31,Completed,29.41,Profit,Low Discount
O00179,2026-08-06 07:28:57,C0078,P004,5,1247.78,5,6238.9,311.94,5926.96,4975.6,188.28,154.46,608.61,Completed,10.27,Profit,Low Discount
O00180,2026-07-17 16:19:08,C0016,P042,4,60982.04,15,243928.16,36589.22,207338.94,181294.88,229.96,6123.65,19690.45,Completed,9.5,Profit,Medium Discount
O00181,2026-06-12 16:38:33,C0094,P011,4,53636.0,0,214544.0,0.0,214544.0,142499.32,286.32,5187.87,66570.49,Completed,31.03,Profit,No Discount
O00182,2026-07-30 02:56:07,C0042,P042,4,60982.04,10,243928.16,24392.82,219535.34,181294.88,89.17,5777.07,32374.22,Completed,14.75,Profit,Medium Discount
O00183,2026-07-31 06:34:26,C0045,P042,3,60982.04,0,182946.12,0.0,182946.12,135971.16,337.09,3714.45,42923.42,Completed,23.46,Profit,No Discount
O00184,2026-07-06 09:10:36,C0026,P009,2,19784.64,0,39569.28,0.0,39569.28,28381.08,212.35,1112.6,9863.25,Completed,24.93,Profit,No Discount
O00185,2026-07-02 19:39:11,C0049,P026,3,3524.72,15,10574.16,1586.12,8988.04,8290.92,173.66,237.75,285.71,Completed,3.18,Profit,Medium Discount
O00186,2026-07-16 14:53:23,C0074,P025,2,12111.87,15,24223.74,3633.56,20590.18,15149.46,117.37,380.48,4942.87,Completed,24.01,Profit,Medium Discount
O00187,2026-06-08 23:56:36,C0049,P035,4,54528.17,20,218112.68,43622.54,174490.14,176621.16,147.53,2078.93,-4357.48,Completed,-2.5,Loss,High Discount
O00188,2026-06-12 10:19:07,C0015,P035,4,54528.17,5,218112.68,10905.63,207207.05,176621.16,337.08,3136.63,27112.18,Completed,13.08,Profit,Low Discount
O00189,2026-06-28 11:26:15,C0057,P025,2,12111.87,5,24223.74,1211.19,23012.55,15149.46,318.67,541.18,7003.24,Completed,30.43,Profit,Low Discount
O00190,2026-05-24 07:00:34,C0039,P041,1,33978.49,0,33978.49,0.0,33978.49,28501.77,203.49,896.15,4377.08,Completed,12.88,Profit,No Discount
O00191,2026-07-25 01:08:25,C0042,P032,5,39676.81,0,198384.05,0.0,198384.05,129920.1,88.55,5531.7,62843.7,Completed,31.68,Profit,No Discount
O00192,2026-06-13 12:15:18,C0008,P033,3,39743.89,5,119231.67,5961.58,113270.09,81492.33,327.72,2134.94,29315.1,Completed,25.88,Profit,Low Discount
O00193,2026-06-08 12:52:11,C0060,P005,4,57603.46,5,230413.84,11520.69,218893.15,181936.64,293.01,6041.8,30621.7,Completed,13.99,Profit,Low Discount
O00194,2026-06-12 03:36:08,C0044,P003,2,10250.36,25,20500.72,5125.18,15375.54,17384.2,347.83,325.28,-2681.77,Completed,-17.44,Loss,High Discount
O00195,2026-06-18 09:02:30,C0030,P008,4,21730.36,0,86921.44,0.0,86921.44,65605.8,482.75,1973.05,18859.84,Completed,21.7,Profit,No Discount
O00196,2026-06-16 19:26:15,C0055,P016,2,6487.76,0,12975.52,0.0,12975.52,11145.98,252.67,325.99,1250.88,Completed,9.64,Profit,No Discount
O00197,2026-08-11 11:21:49,C0012,P008,4,21730.36,10,86921.44,8692.14,78229.3,65605.8,222.14,969.78,11431.58,Pending,14.61,Profit,Medium Discount
O00198,2026-07-08 05:06:22,C0005,P020,4,57264.84,5,229059.36,11452.97,217606.39,176749.44,352.2,2580.5,37924.25,Completed,17.43,Profit,Low Discount
O00199,2026-05-24 14:13:11,C0072,P039,1,35994.24,10,35994.24,3599.42,32394.82,22531.52,278.08,427.16,9158.06,Completed,28.27,Profit,Medium Discount
O00200,2026-05-30 04:53:42,C0036,P033,2,39743.89,5,79487.78,3974.39,75513.39,54328.22,221.41,1278.17,19685.59,Completed,26.07,Profit,Low Discount
O00201,2026-05-31 09:55:16,C0065,P011,3,53636.0,5,160908.0,8045.4,152862.6,106874.49,251.24,3364.79,42372.08,Completed,27.72,Profit,Low Discount
O00202,2026-06-08 05:20:18,C0035,P022,3,753.69,10,2261.07,226.11,2034.96,1638.66,304.96,36.26,55.08,Completed,2.71,Profit,Medium Discount
O00203,2026-06-22 22:59:49,C0049,P042,2,60982.04,10,121964.08,12196.41,109767.67,90647.44,353.44,2266.66,16500.13,Completed,15.03,Profit,Medium Discount
O00204,2026-07-23 03:28:49,C0067,P016,4,6487.76,15,25951.04,3892.66,22058.38,22291.96,195.14,230.68,-659.4,Completed,-2.99,Loss,Medium Discount
O00205,2026-05-31 14:31:20,C0035,P018,4,5164.57,10,20658.28,2065.83,18592.45,16134.4,469.73,399.8,1588.52,Completed,8.54,Profit,Medium Discount
O00206,2026-07-24 08:32:10,C0033,P036,1,65042.97,10,65042.97,6504.3,58538.67,42363.72,394.16,790.08,14990.71,Completed,25.61,Profit,Medium Discount
O00207,2026-06-06 13:00:23,C0041,P006,1,14835.37,15,14835.37,2225.31,12610.06,10555.49,104.79,246.71,1703.07,Completed,13.51,Profit,Medium Discount
O00208,2026-05-23 00:07:27,C0079,P004,5,1247.78,10,6238.9,623.89,5615.01,4975.6,484.62,104.72,50.07,Completed,0.89,Profit,Medium Discount
O00209,2026-06-26 01:10:21,C0078,P020,2,57264.84,5,114529.68,5726.48,108803.2,88374.72,433.15,1088.76,18906.57,Completed,17.38,Profit,Low Discount
O00210,2026-06-25 08:14:08,C0002,P023,3,17155.13,5,51465.39,2573.27,48892.12,40850.19,304.0,676.45,7061.48,Completed,14.44,Profit,Low Discount
O00211,2026-06-17 21:28:11,C0011,P050,5,35590.05,10,177950.25,17795.03,160155.22,138652.15,183.81,2979.97,18339.3,Completed,11.45,Profit,Medium Discount
O00212,2026-07-08 10:50:09,C0021,P009,4,19784.64,5,79138.56,3956.93,75181.63,56762.16,95.47,1792.57,16531.43,Completed,21.99,Profit,Low Discount
O00213,2026-07-01 00:08:33,C0004,P004,1,1247.78,5,1247.78,62.39,1185.39,995.12,149.36,15.97,24.94,Completed,2.1,Profit,Low Discount
O00214,2026-06-26 03:17:04,C0038,P039,2,35994.24,0,71988.48,0.0,71988.48,45063.04,448.97,1367.47,25109.0,Completed,34.88,Profit,No Discount
O00215,2026-05-22 19:32:59,C0007,P027,4,10161.47,10,40645.88,4064.59,36581.29,29663.04,129.6,649.01,6139.64,Pending,16.78,Profit,Medium Discount
O00216,2026-06-05 20:25:09,C0055,P002,3,36560.51,10,109681.53,10968.15,98713.38,77426.64,405.65,2136.45,18744.64,Completed,18.99,Profit,Medium Discount
O00217,2026-08-05 15:14:14,C0039,P005,1,57603.46,5,57603.46,2880.17,54723.29,45484.16,425.44,1235.98,7577.71,Completed,13.85,Profit,Low Discount
O00218,2026-06-26 13:27:56,C0045,P032,4,39676.81,5,158707.24,7935.36,150771.88,103936.08,169.63,3455.96,43210.21,Completed,28.66,Profit,Low Discount
O00219,2026-06-23 14:00:25,C0055,P026,4,3524.72,20,14098.88,2819.78,11279.1,11054.56,159.57,259.81,-194.84,Completed,-1.73,Loss,High Discount
O00220,2026-08-12 14:53:12,C0093,P029,2,44167.07,15,88334.14,13250.12,75084.02,63499.56,451.44,2185.45,8947.57,Completed,11.92,Profit,Medium Discount
O00221,2026-07-30 12:12:51,C0009,P041,1,33978.49,15,33978.49,5096.77,28881.72,28501.77,84.39,450.19,-154.63,Cancelled,-0.54,Loss,Medium Discount
O00222,2026-07-12 11:27:50,C0060,P040,5,30510.63,15,152553.15,22882.97,129670.18,123979.55,272.95,2298.66,3119.02,Completed,2.41,Profit,Medium Discount
O00223,2026-07-23 07:08:46,C0049,P015,1,52959.23,0,52959.23,0.0,52959.23,38594.17,283.28,688.65,13393.13,Completed,25.29,Profit,No Discount
O00224,2026-05-18 15:58:22,C0065,P023,5,17155.13,0,85775.65,0.0,85775.65,68083.65,67.11,2137.88,15487.01,Completed,18.06,Profit,No Discount
O00225,2026-08-07 22:47:26,C0051,P024,3,4338.48,0,13015.44,0.0,13015.44,10294.89,480.43,322.13,1917.99,Completed,14.74,Profit,No Discount
O00226,2026-08-10 06:32:20,C0100,P011,4,53636.0,15,214544.0,32181.6,182362.4,142499.32,347.62,2499.08,37016.38,Completed,20.3,Profit,Medium Discount
O00227,2026-07-30 02:25:29,C0005,P005,2,57603.46,0,115206.92,0.0,115206.92,90968.32,86.98,3382.15,20769.47,Completed,18.03,Profit,No Discount
O00228,2026-07-11 15:54:57,C0025,P009,2,19784.64,15,39569.28,5935.39,33633.89,28381.08,54.69,508.15,4689.97,Completed,13.94,Profit,Medium Discount
O00229,2026-06-22 16:48:44,C0041,P025,2,12111.87,10,24223.74,2422.37,21801.37,15149.46,453.12,358.51,5840.28,Completed,26.79,Profit,Medium Discount
O00230,2026-07-02 01:54:13,C0091,P040,2,30510.63,10,61021.26,6102.13,54919.13,49591.82,312.09,1370.86,3644.36,Completed,6.64,Profit,Medium Discount
O00231,2026-05-17 08:11:56,C0098,P011,2,53636.0,5,107272.0,5363.6,101908.4,71249.66,467.64,1476.89,28714.21,Completed,28.18,Profit,Low Discount
O00232,2026-06-19 22:07:03,C0059,P014,4,9054.92,5,36219.68,1810.98,34408.7,24623.16,123.66,532.5,9129.38,Cancelled,26.53,Profit,Low Discount
O00233,2026-06-14 18:16:41,C0044,P032,3,39676.81,20,119030.43,23806.09,95224.34,77952.06,340.61,1496.75,15434.92,Completed,16.21,Profit,High Discount
O00234,2026-07-28 22:11:04,C0039,P049,4,24913.36,20,99653.44,19930.69,79722.75,65052.12,163.51,2001.11,12506.01,Completed,15.69,Profit,High Discount
O00235,2026-06-23 15:11:42,C0008,P046,4,19668.85,0,78675.4,0.0,78675.4,59454.2,194.03,1971.9,17055.27,Completed,21.68,Profit,No Discount
O00236,2026-08-07 15:08:17,C0092,P029,5,44167.07,0,220835.35,0.0,220835.35,158748.9,109.28,5414.79,56562.38,Completed,25.61,Profit,No Discount
O00237,2026-08-11 08:08:08,C0095,P015,3,52959.23,0,158877.69,0.0,158877.69,115782.51,204.07,2902.43,39988.68,Completed,25.17,Profit,No Discount
O00238,2026-08-05 21:50:57,C0097,P003,3,10250.36,0,30751.08,0.0,30751.08,26076.3,92.19,662.48,3920.11,Completed,12.75,Profit,No Discount
O00239,2026-06-26 10:51:02,C0008,P042,2,60982.04,0,121964.08,0.0,121964.08,90647.44,161.01,2991.69,28163.94,Pending,23.09,Profit,No Discount
O00240,2026-07-08 00:36:18,C0099,P032,2,39676.81,15,79353.62,11903.04,67450.58,51968.04,189.92,1675.94,13616.68,Completed,20.19,Profit,Medium Discount
O00241,2026-07-28 08:17:52,C0091,P027,2,10161.47,5,20322.94,1016.15,19306.79,14831.52,402.71,407.07,3665.49,Completed,18.99,Profit,Low Discount
O00242,2026-07-27 02:16:54,C0090,P012,1,70135.64,0,70135.64,0.0,70135.64,45764.99,387.3,1765.56,22217.79,Completed,31.68,Profit,No Discount
O00243,2026-07-08 19:02:26,C0016,P031,3,16534.23,25,49602.69,12400.67,37202.02,34438.47,215.74,705.8,1842.01,Completed,4.95,Profit,High Discount
O00244,2026-08-02 10:17:17,C0024,P035,2,54528.17,5,109056.34,5452.82,103603.52,88310.58,235.68,2477.41,12579.85,Completed,12.14,Profit,Low Discount
O00245,2026-07-14 08:08:26,C0038,P046,4,19668.85,0,78675.4,0.0,78675.4,59454.2,224.45,1419.82,17576.93,Completed,22.34,Profit,No Discount
O00246,2026-08-11 22:30:44,C0093,P014,3,9054.92,0,27164.76,0.0,27164.76,18467.37,310.99,576.7,7809.7,Completed,28.75,Profit,No Discount
O00247,2026-06-07 04:21:09,C0024,P034,2,38663.96,10,77327.92,7732.79,69595.13,55698.0,60.32,1144.29,12692.52,Completed,18.24,Profit,Medium Discount
O00248,2026-07-03 04:07:02,C0083,P022,5,753.69,15,3768.45,565.27,3203.18,2731.1,491.89,45.48,-65.29,Completed,-2.04,Loss,Medium Discount
O00249,2026-06-07 01:44:59,C0019,P048,5,4611.21,0,23056.05,0.0,23056.05,18533.6,197.69,430.7,3894.06,Completed,16.89,Profit,No Discount
O00250,2026-06-12 06:26:44,C0092,P047,3,24905.73,15,74717.19,11207.58,63509.61,56279.43,184.75,855.45,6189.98,Completed,9.75,Profit,Medium Discount
O00251,2026-06-28 02:01:54,C0020,P048,3,4611.21,15,13833.63,2075.04,11758.59,11120.16,496.01,293.31,-150.89,Completed,-1.28,Loss,Medium Discount
O00252,2026-07-02 22:05:17,C0090,P016,5,6487.76,0,32438.8,0.0,32438.8,27864.95,213.01,541.41,3819.43,Completed,11.77,Profit,No Discount
O00253,2026-05-19 14:05:34,C0094,P045,1,62341.11,20,62341.11,12468.22,49872.89,46430.26,402.16,554.72,2485.75,Completed,4.98,Profit,High Discount
O00254,2026-06-23 12:33:47,C0026,P005,5,57603.46,10,288017.3,28801.73,259215.57,227420.8,266.41,4848.27,26680.09,Cancelled,10.29,Profit,Medium Discount
O00255,2026-06-18 09:41:55,C0100,P006,2,14835.37,0,29670.74,0.0,29670.74,21110.98,377.57,591.31,7590.88,Completed,25.58,Profit,No Discount
O00256,2026-07-20 17:02:55,C0057,P036,1,65042.97,0,65042.97,0.0,65042.97,42363.72,324.6,826.51,21528.14,Completed,33.1,Profit,No Discount
O00257,2026-07-21 16:58:32,C0024,P025,4,12111.87,0,48447.48,0.0,48447.48,30298.92,177.24,527.69,17443.63,Completed,36.01,Profit,No Discount
O00258,2026-08-02 06:16:00,C0007,P035,4,54528.17,15,218112.68,32716.9,185395.78,176621.16,488.68,3230.36,5055.58,Completed,2.73,Profit,Medium Discount
O00259,2026-06-25 00:35:11,C0089,P013,4,48575.8,0,194303.2,0.0,194303.2,134033.16,433.89,2123.74,57712.41,Completed,29.7,Profit,No Discount
O00260,2026-07-26 01:55:30,C0057,P021,4,57718.84,5,230875.36,11543.77,219331.59,181440.24,397.34,2572.43,34921.58,Completed,15.92,Profit,Low Discount
O00261,2026-06-01 19:02:32,C0032,P011,4,53636.0,0,214544.0,0.0,214544.0,142499.32,446.96,3833.68,67764.04,Completed,31.59,Profit,No Discount
O00262,2026-08-06 08:58:49,C0014,P037,2,5368.01,25,10736.02,2684.0,8052.02,8780.34,115.23,197.3,-1040.85,Completed,-12.93,Loss,High Discount
O00263,2026-07-01 03:33:29,C0049,P019,3,58038.98,25,174116.94,43529.24,130587.7,121333.17,323.84,2218.7,6712.0,Completed,5.14,Profit,High Discount
O00264,2026-08-14 01:08:51,C0050,P004,2,1247.78,0,2495.56,0.0,2495.56,1990.24,357.69,52.16,95.47,Pending,3.83,Profit,No Discount
O00265,2026-05-29 03:51:16,C0061,P034,4,38663.96,15,154655.84,23198.38,131457.46,111396.0,80.45,3175.58,16805.43,Completed,12.78,Profit,Medium Discount
O00266,2026-07-16 04:25:26,C0070,P046,2,19668.85,10,39337.7,3933.77,35403.93,29727.1,124.6,1023.67,4528.56,Completed,12.79,Profit,Medium Discount
O00267,2026-07-07 15:03:30,C0066,P010,2,73897.59,20,147795.18,29559.04,118236.14,98693.94,257.07,2954.21,16330.92,Completed,13.81,Profit,High Discount
O00268,2026-05-19 09:17:47,C0040,P038,4,7609.77,5,30439.08,1521.95,28917.13,21013.12,490.13,748.37,6665.51,Completed,23.05,Profit,Low Discount
O00269,2026-08-12 19:45:27,C0032,P007,5,63520.31,0,317601.55,0.0,317601.55,223812.0,198.6,7982.92,85608.03,Completed,26.95,Profit,No Discount
O00270,2026-06-24 00:35:38,C0085,P015,4,52959.23,20,211836.92,42367.38,169469.54,154376.68,157.46,3224.12,11711.28,Pending,6.91,Profit,High Discount
O00271,2026-07-13 05:40:13,C0026,P049,2,24913.36,0,49826.72,0.0,49826.72,32526.06,258.77,1404.34,15637.55,Completed,31.38,Profit,No Discount
O00272,2026-07-10 13:35:20,C0099,P006,4,14835.37,10,59341.48,5934.15,53407.33,42221.96,228.82,633.85,10322.7,Completed,19.33,Profit,Medium Discount
O00273,2026-07-20 03:21:42,C0011,P012,2,70135.64,0,140271.28,0.0,140271.28,91529.98,210.5,3527.77,45003.03,Completed,32.08,Profit,No Discount
O00274,2026-05-19 09:36:45,C0072,P009,2,19784.64,0,39569.28,0.0,39569.28,28381.08,363.15,1023.47,9801.58,Completed,24.77,Profit,No Discount
O00275,2026-05-24 22:04:19,C0003,P045,3,62341.11,20,187023.33,37404.67,149618.66,139290.78,125.98,3013.47,7188.43,Completed,4.8,Profit,High Discount
O00276,2026-07-18 04:10:31,C0008,P037,4,5368.01,15,21472.04,3220.81,18251.23,17560.68,190.92,474.02,25.61,Pending,0.14,Profit,Medium Discount
O00277,2026-06-27 09:12:01,C0019,P032,1,39676.81,15,39676.81,5951.52,33725.29,25984.02,277.34,989.59,6474.34,Completed,19.2,Profit,Medium Discount
O00278,2026-05-29 22:39:46,C0021,P030,5,3158.31,5,15791.55,789.58,15001.97,11153.0,498.69,443.99,2906.29,Completed,19.37,Profit,Low Discount
O00279,2026-08-08 22:22:13,C0027,P005,1,57603.46,0,57603.46,0.0,57603.46,45484.16,63.21,1524.14,10531.95,Completed,18.28,Profit,No Discount
O00280,2026-06-30 14:17:44,C0005,P035,5,54528.17,5,272640.85,13632.04,259008.81,220776.45,183.42,7346.57,30702.37,Completed,11.85,Profit,Low Discount
O00281,2026-06-03 09:55:10,C0060,P044,1,14190.49,10,14190.49,1419.05,12771.44,9020.11,419.74,245.02,3086.57,Completed,24.17,Profit,Medium Discount
O00282,2026-05-21 15:37:55,C0098,P022,3,753.69,20,2261.07,452.21,1808.86,1638.66,286.45,26.93,-143.18,Completed,-7.92,Loss,High Discount
O00283,2026-06-11 00:40:06,C0090,P033,5,39743.89,10,198719.45,19871.94,178847.5,135820.55,457.41,4434.24,38135.31,Completed,21.32,Profit,Medium Discount
O00284,2026-06-22 13:50:10,C0075,P023,1,17155.13,15,17155.13,2573.27,14581.86,13616.73,262.08,431.36,271.69,Completed,1.86,Profit,Medium Discount
O00285,2026-06-17 13:14:50,C0084,P016,2,6487.76,5,12975.52,648.78,12326.74,11145.98,358.85,140.44,681.47,Completed,5.53,Profit,Low Discount
O00286,2026-06-06 07:39:52,C0073,P020,4,57264.84,25,229059.36,57264.84,171794.52,176749.44,82.7,1982.78,-7020.4,Completed,-4.09,Loss,High Discount
O00287,2026-06-29 21:59:11,C0058,P025,5,12111.87,0,60559.35,0.0,60559.35,37873.65,186.78,1396.7,21102.22,Cancelled,34.85,Profit,No Discount
O00288,2026-06-17 12:03:58,C0076,P017,1,42246.44,15,42246.44,6336.97,35909.47,34836.7,349.24,546.03,177.5,Cancelled,0.49,Profit,Medium Discount
O00289,2026-06-18 12:53:36,C0091,P023,3,17155.13,0,51465.39,0.0,51465.39,40850.19,251.17,988.5,9375.53,Completed,18.22,Profit,No Discount
O00290,2026-07-29 16:15:14,C0072,P035,3,54528.17,25,163584.51,40896.13,122688.38,132465.87,99.82,2263.72,-12141.03,Completed,-9.9,Loss,High Discount
O00291,2026-08-10 04:10:12,C0088,P014,2,9054.92,25,18109.84,4527.46,13582.38,12311.58,107.35,328.07,835.38,Pending,6.15,Profit,High Discount
O00292,2026-06-22 13:53:18,C0003,P042,3,60982.04,15,182946.12,27441.92,155504.2,135971.16,58.1,4549.46,14925.48,Completed,9.6,Profit,Medium Discount
O00293,2026-06-12 18:50:42,C0019,P047,4,24905.73,0,99622.92,0.0,99622.92,75039.24,366.66,2073.55,22143.47,Completed,22.23,Profit,No Discount
O00294,2026-07-28 18:46:12,C0030,P009,1,19784.64,10,19784.64,1978.46,17806.18,14190.54,185.57,391.15,3038.92,Completed,17.07,Profit,Medium Discount
O00295,2026-08-05 12:59:03,C0059,P014,1,9054.92,0,9054.92,0.0,9054.92,6155.79,456.3,244.89,2197.94,Completed,24.27,Profit,No Discount
O00296,2026-06-26 16:46:39,C0086,P041,5,33978.49,15,169892.45,25483.87,144408.58,142508.85,178.38,2683.64,-962.29,Completed,-0.67,Loss,Medium Discount
O00297,2026-06-10 06:17:43,C0050,P021,5,57718.84,0,288594.2,0.0,288594.2,226800.3,424.12,6343.18,55026.6,Completed,19.07,Profit,No Discount
O00298,2026-08-05 19:56:37,C0073,P009,4,19784.64,20,79138.56,15827.71,63310.85,56762.16,79.11,1843.39,4626.19,Completed,7.31,Profit,High Discount
O00299,2026-05-24 17:18:56,C0087,P047,4,24905.73,20,99622.92,19924.58,79698.34,75039.24,258.99,1016.19,3383.92,Completed,4.25,Profit,High Discount
O00300,2026-07-01 10:21:16,C0052,P029,5,44167.07,10,220835.35,22083.54,198751.82,158748.9,316.26,4780.51,34906.15,Completed,17.56,Profit,Medium Discount
O00301,2026-05-18 15:37:35,C0071,P028,4,23427.95,5,93711.8,4685.59,89026.21,74435.16,404.04,2618.73,11568.28,Completed,12.99,Profit,Low Discount
O00302,2026-07-28 11:48:47,C0088,P034,3,38663.96,15,115991.88,17398.78,98593.1,83547.0,277.82,2236.3,12531.98,Completed,12.71,Profit,Medium Discount
O00303,2026-07-08 03:23:51,C0025,P018,1,5164.57,0,5164.57,0.0,5164.57,4033.6,321.83,145.37,663.77,Completed,12.85,Profit,No Discount
O00304,2026-05-21 19:49:42,C0065,P029,5,44167.07,10,220835.35,22083.54,198751.82,158748.9,138.24,4415.39,35449.29,Completed,17.84,Profit,Medium Discount
O00305,2026-06-19 17:55:37,C0056,P049,5,24913.36,10,124566.8,12456.68,112110.12,81315.15,434.36,1232.08,29128.53,Completed,25.98,Profit,Medium Discount
O00306,2026-06-07 12:56:08,C0020,P033,2,39743.89,10,79487.78,7948.78,71539.0,54328.22,247.34,1028.03,15935.41,Completed,22.28,Profit,Medium Discount
O00307,2026-07-18 21:24:20,C0054,P041,1,33978.49,15,33978.49,5096.77,28881.72,28501.77,178.05,761.44,-559.54,Completed,-1.94,Loss,Medium Discount
O00308,2026-05-23 10:21:09,C0059,P039,1,35994.24,0,35994.24,0.0,35994.24,22531.52,353.94,392.23,12716.55,Completed,35.33,Profit,No Discount
O00309,2026-07-31 14:51:54,C0046,P045,1,62341.11,5,62341.11,3117.06,59224.05,46430.26,378.44,1637.26,10778.09,Completed,18.2,Profit,Low Discount
O00310,2026-07-19 01:09:31,C0012,P048,1,4611.21,15,4611.21,691.68,3919.53,3706.72,479.78,103.57,-370.54,Completed,-9.45,Loss,Medium Discount
O00311,2026-05-20 16:16:06,C0091,P046,5,19668.85,15,98344.25,14751.64,83592.61,74317.75,68.25,2293.11,6913.5,Completed,8.27,Profit,Medium Discount
O00312,2026-07-28 23:57:03,C0068,P030,1,3158.31,10,3158.31,315.83,2842.48,2230.6,216.07,35.31,360.5,Completed,12.68,Profit,Medium Discount
O00313,2026-05-19 18:45:55,C0084,P049,1,24913.36,10,24913.36,2491.34,22422.02,16263.03,194.49,560.48,5404.02,Completed,24.1,Profit,Medium Discount
O00314,2026-06-09 18:40:19,C0029,P041,2,33978.49,5,67956.98,3397.85,64559.13,57003.54,317.15,658.67,6579.77,Completed,10.19,Profit,Low Discount
O00315,2026-06-05 03:00:15,C0073,P039,4,35994.24,0,143976.96,0.0,143976.96,90126.08,337.04,3573.45,49940.39,Completed,34.69,Profit,No Discount
O00316,2026-08-06 06:00:18,C0003,P016,2,6487.76,0,12975.52,0.0,12975.52,11145.98,239.92,206.32,1383.3,Completed,10.66,Profit,No Discount
O00317,2026-05-18 17:56:56,C0045,P015,2,52959.23,20,105918.46,21183.69,84734.77,77188.34,413.61,1213.49,5919.33,Completed,6.99,Profit,High Discount
O00318,2026-07-16 02:16:38,C0024,P038,4,7609.77,5,30439.08,1521.95,28917.13,21013.12,433.33,522.76,6947.92,Completed,24.03,Profit,Low Discount
O00319,2026-05-31 13:32:12,C0073,P038,2,7609.77,10,15219.54,1521.95,13697.59,10506.56,151.83,242.24,2796.96,Completed,20.42,Profit,Medium Discount
O00320,2026-06-08 22:18:37,C0044,P015,1,52959.23,10,52959.23,5295.92,47663.31,38594.17,193.49,1031.62,7844.03,Completed,16.46,Profit,Medium Discount
O00321,2026-05-29 00:34:35,C0057,P036,4,65042.97,15,260171.88,39025.78,221146.1,169454.88,218.55,2949.47,48523.2,Completed,21.94,Profit,Medium Discount
O00322,2026-07-01 17:56:15,C0068,P037,1,5368.01,5,5368.01,268.4,5099.61,4390.17,119.51,53.59,536.34,Completed,10.52,Profit,Low Discount
O00323,2026-07-20 18:24:44,C0092,P035,3,54528.17,5,163584.51,8179.23,155405.28,132465.87,406.27,3406.45,19126.69,Completed,12.31,Profit,Low Discount
O00324,2026-05-27 21:00:25,C0064,P005,2,57603.46,15,115206.92,17281.04,97925.88,90968.32,311.1,2075.42,4571.04,Completed,4.67,Profit,Medium Discount
O00325,2026-07-10 12:36:16,C0050,P005,3,57603.46,10,172810.38,17281.04,155529.34,136452.48,111.11,1864.18,17101.57,Completed,11.0,Profit,Medium Discount
O00326,2026-06-06 22:21:16,C0064,P027,2,10161.47,5,20322.94,1016.15,19306.79,14831.52,190.94,249.85,4034.48,Completed,20.9,Profit,Low Discount
O00327,2026-06-30 22:04:04,C0042,P037,2,5368.01,0,10736.02,0.0,10736.02,8780.34,480.16,174.78,1300.74,Cancelled,12.12,Profit,No Discount
O00328,2026-07-23 16:19:54,C0068,P018,4,5164.57,10,20658.28,2065.83,18592.45,16134.4,89.69,411.59,1956.77,Completed,10.52,Profit,Medium Discount
O00329,2026-06-10 15:33:04,C0017,P045,4,62341.11,25,249364.44,62341.11,187023.33,185721.04,265.05,3861.12,-2823.88,Completed,-1.51,Loss,High Discount
O00330,2026-07-30 05:27:44,C0053,P023,3,17155.13,5,51465.39,2573.27,48892.12,40850.19,422.07,1182.22,6437.64,Completed,13.17,Profit,Low Discount
O00331,2026-06-21 14:02:54,C0085,P046,4,19668.85,5,78675.4,3933.77,74741.63,59454.2,423.81,1561.84,13301.78,Completed,17.8,Profit,Low Discount
O00332,2026-06-02 01:26:14,C0063,P024,5,4338.48,10,21692.4,2169.24,19523.16,17158.15,331.81,386.13,1647.07,Completed,8.44,Profit,Medium Discount
O00333,2026-07-14 14:17:33,C0017,P035,4,54528.17,5,218112.68,10905.63,207207.05,176621.16,196.62,5356.39,25032.88,Completed,12.08,Profit,Low Discount
O00334,2026-07-14 17:26:58,C0085,P008,4,21730.36,20,86921.44,17384.29,69537.15,65605.8,369.9,1956.7,1604.75,Completed,2.31,Profit,High Discount
O00335,2026-07-28 09:15:12,C0091,P034,3,38663.96,5,115991.88,5799.59,110192.29,83547.0,256.31,1185.63,25203.35,Completed,22.87,Profit,Low Discount
O00336,2026-07-25 12:21:14,C0092,P005,1,57603.46,15,57603.46,8640.52,48962.94,45484.16,260.05,523.38,2695.35,Pending,5.5,Profit,Medium Discount
O00337,2026-05-27 21:20:28,C0019,P026,4,3524.72,10,14098.88,1409.89,12688.99,11054.56,438.6,276.3,919.53,Completed,7.25,Profit,Medium Discount
O00338,2026-07-31 06:50:48,C0075,P033,3,39743.89,10,119231.67,11923.17,107308.5,81492.33,271.55,2312.02,23232.6,Completed,21.65,Profit,Medium Discount
O00339,2026-08-04 07:34:13,C0078,P027,2,10161.47,10,20322.94,2032.29,18290.65,14831.52,320.95,399.25,2738.93,Completed,14.97,Profit,Medium Discount
O00340,2026-06-01 16:03:44,C0035,P048,1,4611.21,0,4611.21,0.0,4611.21,3706.72,51.43,105.15,747.91,Completed,16.22,Profit,No Discount
O00341,2026-06-15 23:14:00,C0072,P019,3,58038.98,10,174116.94,17411.69,156705.25,121333.17,279.69,3530.86,31561.53,Cancelled,20.14,Profit,Medium Discount
O00342,2026-05-27 06:20:55,C0080,P050,5,35590.05,0,177950.25,0.0,177950.25,138652.15,442.42,3655.9,35199.78,Completed,19.78,Profit,No Discount
O00343,2026-07-11 22:53:36,C0021,P016,4,6487.76,15,25951.04,3892.66,22058.38,22291.96,175.44,313.54,-722.56,Pending,-3.28,Loss,Medium Discount
O00344,2026-05-19 06:17:43,C0047,P035,3,54528.17,5,163584.51,8179.23,155405.28,132465.87,497.59,1833.2,20608.62,Completed,13.26,Profit,Low Discount
O00345,2026-06-16 01:22:24,C0067,P001,4,27812.76,15,111251.04,16687.66,94563.38,86843.44,383.21,1215.8,6120.93,Completed,6.47,Profit,Medium Discount
O00346,2026-07-11 16:09:50,C0005,P009,1,19784.64,15,19784.64,2967.7,16816.94,14190.54,326.12,197.97,2102.31,Completed,12.5,Profit,Medium Discount
O00347,2026-07-21 12:47:37,C0046,P014,4,9054.92,10,36219.68,3621.97,32597.71,24623.16,79.7,553.39,7341.46,Completed,22.52,Profit,Medium Discount
O00348,2026-08-12 22:18:52,C0060,P013,5,48575.8,15,242879.0,36431.85,206447.15,167541.45,52.74,2481.25,36371.71,Completed,17.62,Profit,Medium Discount
O00349,2026-06-22 04:59:19,C0066,P040,1,30510.63,10,30510.63,3051.06,27459.57,24795.91,407.53,662.92,1593.21,Completed,5.8,Profit,Medium Discount
O00350,2026-06-24 06:43:55,C0066,P026,5,3524.72,15,17623.6,2643.54,14980.06,13818.2,145.0,408.48,608.38,Completed,4.06,Profit,Medium Discount
O00351,2026-07-25 04:33:55,C0087,P014,3,9054.92,0,27164.76,0.0,27164.76,18467.37,312.47,729.23,7655.69,Completed,28.18,Profit,No Discount
O00352,2026-06-05 00:36:07,C0030,P013,5,48575.8,5,242879.0,12143.95,230735.05,167541.45,237.25,5812.73,57143.62,Completed,24.77,Profit,Low Discount
O00353,2026-05-24 03:32:41,C0055,P023,2,17155.13,10,34310.26,3431.03,30879.23,27233.46,331.15,353.12,2961.5,Completed,9.59,Profit,Medium Discount
O00354,2026-07-13 06:08:53,C0014,P050,4,35590.05,5,142360.2,7118.01,135242.19,110921.72,186.44,2136.75,21997.28,Completed,16.27,Profit,Low Discount
O00355,2026-07-22 19:42:30,C0004,P013,3,48575.8,15,145727.4,21859.11,123868.29,100524.87,172.13,2469.18,20702.11,Completed,16.71,Profit,Medium Discount
O00356,2026-08-05 09:49:56,C0082,P034,3,38663.96,5,115991.88,5799.59,110192.29,83547.0,231.1,1328.36,25085.83,Completed,22.77,Profit,Low Discount
O00357,2026-07-16 16:02:27,C0093,P026,2,3524.72,5,7049.44,352.47,6696.97,5527.28,368.14,75.37,726.18,Completed,10.84,Profit,Low Discount
O00358,2026-06-09 08:20:25,C0041,P006,5,14835.37,20,74176.85,14835.37,59341.48,52777.45,87.22,1698.22,4778.59,Completed,8.05,Profit,High Discount
O00359,2026-05-26 15:54:27,C0019,P009,3,19784.64,20,59353.92,11870.78,47483.14,42571.62,307.31,1336.37,3267.84,Cancelled,6.88,Profit,High Discount
O00360,2026-07-23 11:02:15,C0083,P049,4,24913.36,15,99653.44,14948.02,84705.42,65052.12,102.21,918.7,18632.39,Completed,22.0,Profit,Medium Discount
O00361,2026-07-30 18:28:16,C0060,P027,1,10161.47,15,10161.47,1524.22,8637.25,7415.76,51.96,115.21,1054.32,Completed,12.21,Profit,Medium Discount
O00362,2026-06-15 01:11:55,C0013,P037,1,5368.01,5,5368.01,268.4,5099.61,4390.17,108.32,119.95,481.17,Cancelled,9.44,Profit,Low Discount
O00363,2026-08-07 07:47:13,C0073,P021,4,57718.84,15,230875.36,34631.3,196244.06,181440.24,339.87,2151.56,12312.39,Completed,6.27,Profit,Medium Discount
O00364,2026-07-22 04:53:57,C0048,P039,4,35994.24,20,143976.96,28795.39,115181.57,90126.08,264.19,1407.47,23383.83,Completed,20.3,Profit,High Discount
O00365,2026-07-14 01:31:14,C0099,P044,1,14190.49,0,14190.49,0.0,14190.49,9020.11,395.41,260.11,4514.86,Completed,31.82,Profit,No Discount
O00366,2026-08-02 23:28:35,C0031,P002,1,36560.51,15,36560.51,5484.08,31076.43,25808.88,262.53,857.81,4147.21,Completed,13.35,Profit,Medium Discount
O00367,2026-05-28 12:32:20,C0087,P045,5,62341.11,5,311705.55,15585.28,296120.27,232151.3,111.47,6820.48,57037.02,Completed,19.26,Profit,Low Discount
O00368,2026-08-02 01:48:14,C0028,P006,4,14835.37,0,59341.48,0.0,59341.48,42221.96,356.99,1149.03,15613.5,Completed,26.31,Profit,No Discount
O00369,2026-07-10 17:10:43,C0021,P043,3,16032.71,15,48098.13,7214.72,40883.41,34989.69,420.49,1048.26,4424.97,Completed,10.82,Profit,Medium Discount
O00370,2026-07-31 18:07:58,C0047,P010,5,73897.59,5,369487.95,18474.4,351013.55,246734.85,201.81,3645.82,100431.07,Completed,28.61,Profit,Low Discount
O00371,2026-05-20 18:09:29,C0010,P035,1,54528.17,15,54528.17,8179.23,46348.94,44155.29,198.61,1303.39,691.65,Completed,1.49,Profit,Medium Discount
O00372,2026-06-19 11:30:13,C0029,P043,1,16032.71,25,16032.71,4008.18,12024.53,11663.23,283.56,283.19,-205.45,Completed,-1.71,Loss,High Discount
O00373,2026-07-07 11:50:48,C0028,P016,1,6487.76,10,6487.76,648.78,5838.98,5572.99,489.21,73.05,-296.27,Completed,-5.07,Loss,Medium Discount
O00374,2026-06-27 08:39:12,C0059,P047,1,24905.73,0,24905.73,0.0,24905.73,18759.81,169.51,257.8,5718.61,Completed,22.96,Profit,No Discount
O00375,2026-07-19 23:55:00,C0033,P007,4,63520.31,10,254081.24,25408.12,228673.12,179049.6,306.79,4884.88,44431.85,Completed,19.43,Profit,Medium Discount
O00376,2026-06-21 17:57:10,C0077,P007,4,63520.31,15,254081.24,38112.19,215969.05,179049.6,60.62,6040.92,30817.91,Completed,14.27,Profit,Medium Discount
O00377,2026-05-23 11:08:28,C0089,P008,5,21730.36,5,108651.8,5432.59,103219.21,82007.25,186.31,1167.81,19857.84,Completed,19.24,Profit,Low Discount
O00378,2026-07-04 21:26:03,C0098,P034,4,38663.96,10,154655.84,15465.58,139190.26,111396.0,76.87,3261.62,24455.77,Completed,17.57,Profit,Medium Discount
O00379,2026-07-18 15:20:43,C0009,P005,4,57603.46,10,230413.84,23041.38,207372.46,181936.64,483.25,2387.29,22565.28,Completed,10.88,Profit,Medium Discount
O00380,2026-06-18 21:35:11,C0059,P026,4,3524.72,10,14098.88,1409.89,12688.99,11054.56,453.23,341.89,839.31,Completed,6.61,Profit,Medium Discount
O00381,2026-05-17 23:56:30,C0083,P011,5,53636.0,15,268180.0,40227.0,227953.0,178124.15,336.18,4049.2,45443.47,Completed,19.94,Profit,Medium Discount
O00382,2026-08-07 06:06:53,C0065,P049,4,24913.36,5,99653.44,4982.67,94670.77,65052.12,376.24,1966.9,27275.51,Completed,28.81,Profit,Low Discount
O00383,2026-06-26 13:16:05,C0046,P050,2,35590.05,0,71180.1,0.0,71180.1,55460.86,53.53,1609.98,14055.73,Completed,19.75,Profit,No Discount
O00384,2026-08-04 14:37:48,C0054,P033,2,39743.89,5,79487.78,3974.39,75513.39,54328.22,392.49,1290.17,19502.51,Cancelled,25.83,Profit,Low Discount
O00385,2026-07-03 08:42:46,C0046,P005,2,57603.46,10,115206.92,11520.69,103686.23,90968.32,131.14,1987.87,10598.9,Completed,10.22,Profit,Medium Discount
O00386,2026-05-27 00:23:01,C0006,P029,4,44167.07,20,176668.28,35333.66,141334.62,126999.12,353.46,1800.6,12181.44,Pending,8.62,Profit,High Discount
O00387,2026-06-27 20:38:34,C0050,P011,4,53636.0,15,214544.0,32181.6,182362.4,142499.32,99.0,4145.24,35618.84,Completed,19.53,Profit,Medium Discount
O00388,2026-06-20 22:25:10,C0056,P026,1,3524.72,5,3524.72,176.24,3348.48,2763.64,256.53,95.06,233.25,Completed,6.97,Profit,Low Discount
O00389,2026-07-17 11:28:51,C0082,P026,4,3524.72,15,14098.88,2114.83,11984.05,11054.56,379.46,204.94,345.09,Completed,2.88,Profit,Medium Discount
O00390,2026-08-11 07:58:50,C0043,P016,2,6487.76,25,12975.52,3243.88,9731.64,11145.98,226.76,263.58,-1904.68,Completed,-19.57,Loss,High Discount
O00391,2026-08-05 05:29:17,C0100,P047,1,24905.73,10,24905.73,2490.57,22415.16,18759.81,401.61,654.6,2599.14,Completed,11.6,Profit,Medium Discount
O00392,2026-06-30 09:43:50,C0093,P022,4,753.69,0,3014.76,0.0,3014.76,2184.88,54.07,51.67,724.14,Cancelled,24.02,Profit,No Discount
O00393,2026-07-24 10:36:31,C0042,P043,5,16032.71,5,80163.55,4008.18,76155.37,58316.15,194.75,2053.21,15591.26,Completed,20.47,Profit,Low Discount
O00394,2026-05-31 14:57:19,C0091,P022,5,753.69,5,3768.45,188.42,3580.03,2731.1,231.24,99.86,517.83,Completed,14.46,Profit,Low Discount
O00395,2026-06-28 01:13:07,C0100,P009,3,19784.64,25,59353.92,14838.48,44515.44,42571.62,272.6,901.63,769.59,Completed,1.73,Profit,High Discount
O00396,2026-06-02 20:53:20,C0067,P020,4,57264.84,15,229059.36,34358.9,194700.46,176749.44,463.29,5649.93,11837.8,Completed,6.08,Profit,Medium Discount
O00397,2026-07-27 00:19:38,C0078,P017,2,42246.44,25,84492.88,21123.22,63369.66,69673.4,223.85,1360.98,-7888.57,Completed,-12.45,Loss,High Discount
O00398,2026-07-06 10:13:05,C0065,P050,1,35590.05,0,35590.05,0.0,35590.05,27730.43,463.21,428.36,6968.05,Completed,19.58,Profit,No Discount
O00399,2026-07-18 22:08:09,C0075,P041,1,33978.49,5,33978.49,1698.92,32279.57,28501.77,480.34,418.46,2879.0,Completed,8.92,Profit,Low Discount
O00400,2026-06-11 23:47:52,C0041,P029,4,44167.07,10,176668.28,17666.83,159001.45,126999.12,246.48,3434.71,28321.14,Completed,17.81,Profit,Medium Discount
O00401,2026-07-15 13:38:24,C0026,P019,5,58038.98,5,290194.9,14509.74,275685.16,202221.95,452.34,7975.33,65035.54,Cancelled,23.59,Profit,Low Discount
O00402,2026-08-03 05:42:03,C0021,P014,4,9054.92,15,36219.68,5432.95,30786.73,24623.16,450.0,643.14,5070.43,Completed,16.47,Profit,Medium Discount
O00403,2026-08-14 01:19:29,C0008,P041,3,33978.49,10,101935.47,10193.55,91741.92,85505.31,64.76,2084.45,4087.4,Completed,4.46,Profit,Medium Discount
O00404,2026-07-08 00:29:38,C0015,P035,5,54528.17,10,272640.85,27264.08,245376.76,220776.45,92.77,6511.06,17996.48,Completed,7.33,Profit,Medium Discount
O00405,2026-07-30 23:30:20,C0036,P034,5,38663.96,15,193319.8,28997.97,164321.83,139245.0,344.59,2141.43,22590.81,Completed,13.75,Profit,Medium Discount
O00406,2026-07-02 17:05:28,C0087,P023,5,17155.13,0,85775.65,0.0,85775.65,68083.65,107.54,2171.06,15413.4,Completed,17.97,Profit,No Discount
O00407,2026-06-30 21:41:40,C0060,P006,5,14835.37,15,74176.85,11126.53,63050.32,52777.45,140.25,887.22,9245.4,Completed,14.66,Profit,Medium Discount
O00408,2026-06-28 01:25:20,C0084,P003,3,10250.36,0,30751.08,0.0,30751.08,26076.3,136.0,498.22,4040.56,Completed,13.14,Profit,No Discount
O00409,2026-08-04 22:33:40,C0036,P047,1,24905.73,15,24905.73,3735.86,21169.87,18759.81,240.18,339.96,1829.92,Completed,8.64,Profit,Medium Discount
O00410,2026-07-26 17:52:29,C0025,P048,3,4611.21,5,13833.63,691.68,13141.95,11120.16,106.41,219.99,1695.39,Pending,12.9,Profit,Low Discount
O00411,2026-07-13 07:01:34,C0100,P039,5,35994.24,10,179971.2,17997.12,161974.08,112657.6,117.32,2852.98,46346.18,Completed,28.61,Profit,Medium Discount
O00412,2026-06-11 19:52:01,C0042,P010,3,73897.59,5,221692.77,11084.64,210608.13,148040.91,282.92,3238.51,59045.79,Completed,28.04,Profit,Low Discount
O00413,2026-06-17 01:29:03,C0086,P017,4,42246.44,20,168985.76,33797.15,135188.61,139346.8,334.47,1703.22,-6195.88,Completed,-4.58,Loss,High Discount
O00414,2026-08-07 11:05:44,C0065,P025,3,12111.87,5,36335.61,1816.78,34518.83,22724.19,469.82,916.48,10408.34,Completed,30.15,Profit,Low Discount
O00415,2026-06-09 14:30:19,C0096,P039,3,35994.24,15,107982.72,16197.41,91785.31,67594.56,104.91,1147.55,22938.29,Completed,24.99,Profit,Medium Discount
O00416,2026-08-05 10:12:13,C0057,P017,2,42246.44,15,84492.88,12673.93,71818.95,69673.4,137.86,1214.23,793.46,Completed,1.1,Profit,Medium Discount
O00417,2026-05-25 04:23:58,C0052,P003,1,10250.36,15,10250.36,1537.55,8712.81,8692.1,377.18,185.07,-541.54,Cancelled,-6.22,Loss,Medium Discount
O00418,2026-06-12 20:24:36,C0065,P017,3,42246.44,10,126739.32,12673.93,114065.39,104510.1,278.0,2024.06,7253.23,Cancelled,6.36,Profit,Medium Discount
O00419,2026-08-10 08:48:35,C0083,P043,4,16032.71,0,64130.84,0.0,64130.84,46652.92,408.9,1431.29,15637.73,Completed,24.38,Profit,No Discount
O00420,2026-06-29 12:54:18,C0004,P024,3,4338.48,10,13015.44,1301.54,11713.9,10294.89,367.79,242.31,808.91,Completed,6.91,Profit,Medium Discount
O00421,2026-06-09 10:42:11,C0065,P005,3,57603.46,10,172810.38,17281.04,155529.34,136452.48,103.32,4546.16,14427.38,Completed,9.28,Profit,Medium Discount
O00422,2026-07-28 15:11:48,C0019,P012,3,70135.64,20,210406.92,42081.38,168325.54,137294.97,413.96,3962.9,26653.71,Completed,15.83,Profit,High Discount
O00423,2026-06-30 21:18:34,C0002,P022,3,753.69,10,2261.07,226.11,2034.96,1638.66,81.9,33.08,281.32,Cancelled,13.82,Profit,Medium Discount
O00424,2026-07-11 02:18:22,C0016,P019,3,58038.98,0,174116.94,0.0,174116.94,121333.17,353.31,1921.68,50508.78,Completed,29.01,Profit,No Discount
O00425,2026-07-15 00:38:10,C0053,P011,5,53636.0,5,268180.0,13409.0,254771.0,178124.15,329.58,4249.83,72067.44,Completed,28.29,Profit,Low Discount
O00426,2026-07-20 15:27:08,C0078,P005,3,57603.46,5,172810.38,8640.52,164169.86,136452.48,87.76,2736.59,24893.03,Completed,15.16,Profit,Low Discount
O00427,2026-06-22 13:34:09,C0066,P030,4,3158.31,25,12633.24,3158.31,9474.93,8922.4,403.19,233.74,-84.4,Completed,-0.89,Loss,High Discount
O00428,2026-06-18 10:19:16,C0087,P019,5,58038.98,0,290194.9,0.0,290194.9,202221.95,175.03,4505.68,83292.24,Completed,28.7,Profit,No Discount
O00429,2026-05-19 13:20:10,C0057,P008,2,21730.36,10,43460.72,4346.07,39114.65,32802.9,489.7,471.82,5350.23,Completed,13.68,Profit,Medium Discount
O00430,2026-07-03 18:16:40,C0028,P041,5,33978.49,0,169892.45,0.0,169892.45,142508.85,311.98,2393.58,24678.04,Completed,14.53,Profit,No Discount
O00431,2026-08-07 09:19:26,C0071,P003,2,10250.36,10,20500.72,2050.07,18450.65,17384.2,383.07,417.24,266.14,Completed,1.44,Profit,Medium Discount
O00432,2026-06-17 07:47:53,C0038,P022,2,753.69,10,1507.38,150.74,1356.64,1092.44,84.64,15.62,163.94,Pending,12.08,Profit,Medium Discount
O00433,2026-06-03 10:10:40,C0091,P041,4,33978.49,10,135913.96,13591.4,122322.56,114007.08,330.64,2809.76,5175.08,Completed,4.23,Profit,Medium Discount
O00434,2026-07-03 02:32:02,C0034,P022,3,753.69,5,2261.07,113.05,2148.02,1638.66,303.65,40.84,164.87,Completed,7.68,Profit,Low Discount
O00435,2026-06-06 08:44:07,C0070,P041,3,33978.49,5,101935.47,5096.77,96838.7,85505.31,318.95,2645.82,8368.62,Cancelled,8.64,Profit,Low Discount
O00436,2026-06-20 05:15:44,C0026,P025,2,12111.87,10,24223.74,2422.37,21801.37,15149.46,145.89,627.47,5878.55,Completed,26.96,Profit,Medium Discount
O00437,2026-08-02 05:32:39,C0022,P036,2,65042.97,5,130085.94,6504.3,123581.64,84727.44,72.72,2786.73,35994.75,Completed,29.13,Profit,Low Discount
O00438,2026-06-10 20:27:54,C0007,P049,1,24913.36,10,24913.36,2491.34,22422.02,16263.03,480.91,403.16,5274.92,Completed,23.53,Profit,Medium Discount
O00439,2026-06-18 19:30:26,C0032,P032,1,39676.81,10,39676.81,3967.68,35709.13,25984.02,384.27,590.66,8750.18,Cancelled,24.5,Profit,Medium Discount
O00440,2026-06-12 22:06:42,C0085,P025,4,12111.87,20,48447.48,9689.5,38757.98,30298.92,417.76,785.02,7256.28,Completed,18.72,Profit,High Discount
O00441,2026-08-10 05:45:16,C0019,P028,1,23427.95,10,23427.95,2342.8,21085.16,18608.79,351.8,506.41,1618.15,Completed,7.67,Profit,Medium Discount
O00442,2026-07-13 15:36:07,C0039,P049,5,24913.36,20,124566.8,24913.36,99653.44,81315.15,382.43,1023.93,16931.93,Completed,16.99,Profit,High Discount
O00443,2026-07-23 20:20:12,C0069,P043,2,16032.71,0,32065.42,0.0,32065.42,23326.46,256.52,790.56,7691.88,Completed,23.99,Profit,No Discount
O00444,2026-08-10 05:15:32,C0075,P016,2,6487.76,5,12975.52,648.78,12326.74,11145.98,199.87,341.44,639.45,Completed,5.19,Profit,Low Discount
O00445,2026-06-12 14:12:45,C0036,P013,3,48575.8,10,145727.4,14572.74,131154.66,100524.87,384.3,3247.17,26998.32,Completed,20.59,Profit,Medium Discount
O00446,2026-07-09 17:32:50,C0051,P046,2,19668.85,10,39337.7,3933.77,35403.93,29727.1,142.8,920.3,4613.73,Completed,13.03,Profit,Medium Discount
O00447,2026-05-17 18:06:50,C0060,P028,1,23427.95,20,23427.95,4685.59,18742.36,18608.79,349.91,482.57,-698.91,Completed,-3.73,Loss,High Discount
O00448,2026-07-05 22:17:20,C0061,P043,3,16032.71,15,48098.13,7214.72,40883.41,34989.69,242.42,770.69,4880.61,Completed,11.94,Profit,Medium Discount
O00449,2026-06-04 07:39:14,C0037,P015,4,52959.23,10,211836.92,21183.69,190653.23,154376.68,275.04,4900.16,31101.35,Completed,16.31,Profit,Medium Discount
O00450,2026-05-25 01:57:10,C0077,P004,5,1247.78,10,6238.9,623.89,5615.01,4975.6,62.74,79.74,496.93,Completed,8.85,Profit,Medium Discount
O00451,2026-06-09 04:51:38,C0003,P014,2,9054.92,10,18109.84,1810.98,16298.86,12311.58,465.81,199.46,3322.01,Completed,20.38,Profit,Medium Discount
O00452,2026-07-25 16:21:21,C0074,P028,5,23427.95,15,117139.75,17570.96,99568.79,93043.95,374.25,2641.54,3509.05,Completed,3.52,Profit,Medium Discount
O00453,2026-06-25 05:30:23,C0068,P005,1,57603.46,5,57603.46,2880.17,54723.29,45484.16,162.48,1110.89,7965.76,Completed,14.56,Profit,Low Discount
O00454,2026-07-03 04:55:45,C0021,P024,1,4338.48,15,4338.48,650.77,3687.71,3431.63,147.23,96.57,12.28,Completed,0.33,Profit,Medium Discount
O00455,2026-07-09 16:06:52,C0049,P042,2,60982.04,20,121964.08,24392.82,97571.26,90647.44,444.34,1175.87,5303.61,Completed,5.44,Profit,High Discount
O00456,2026-07-29 09:06:43,C0035,P039,1,35994.24,20,35994.24,7198.85,28795.39,22531.52,354.62,770.51,5138.74,Completed,17.85,Profit,High Discount
O00457,2026-06-09 02:27:20,C0067,P030,1,3158.31,0,3158.31,0.0,3158.31,2230.6,183.17,60.59,683.95,Completed,21.66,Profit,No Discount
O00458,2026-07-22 19:41:48,C0032,P046,4,19668.85,5,78675.4,3933.77,74741.63,59454.2,102.9,994.49,14190.04,Completed,18.99,Profit,Low Discount
O00459,2026-07-01 23:50:15,C0066,P037,4,5368.01,10,21472.04,2147.2,19324.84,17560.68,122.61,225.54,1416.01,Completed,7.33,Profit,Medium Discount
O00460,2026-07-18 11:31:23,C0032,P042,3,60982.04,5,182946.12,9147.31,173798.81,135971.16,209.42,2104.17,35514.06,Completed,20.43,Profit,Low Discount
O00461,2026-07-24 21:10:23,C0073,P042,4,60982.04,5,243928.16,12196.41,231731.75,181294.88,125.12,3446.91,46864.84,Completed,20.22,Profit,Low Discount
O00462,2026-07-03 10:09:24,C0015,P028,3,23427.95,10,70283.85,7028.38,63255.46,55826.37,237.1,1175.22,6016.78,Completed,9.51,Profit,Medium Discount
O00463,2026-06-29 06:46:57,C0074,P040,2,30510.63,0,61021.26,0.0,61021.26,49591.82,275.05,1112.98,10041.41,Completed,16.46,Profit,No Discount
O00464,2026-08-01 18:07:40,C0034,P029,5,44167.07,15,220835.35,33125.3,187710.05,158748.9,273.07,5380.25,23307.83,Completed,12.42,Profit,Medium Discount
O00465,2026-05-18 10:38:23,C0088,P026,1,3524.72,5,3524.72,176.24,3348.48,2763.64,226.34,93.47,265.03,Completed,7.91,Profit,Low Discount
O00466,2026-05-25 19:17:25,C0049,P039,5,35994.24,15,179971.2,26995.68,152975.52,112657.6,325.1,4152.7,35840.12,Completed,23.43,Profit,Medium Discount
O00467,2026-06-14 08:04:43,C0003,P015,5,52959.23,10,264796.15,26479.62,238316.54,192970.85,359.88,3590.35,41395.46,Completed,17.37,Profit,Medium Discount
O00468,2026-06-07 06:49:02,C0028,P009,1,19784.64,10,19784.64,1978.46,17806.18,14190.54,443.38,250.51,2921.75,Completed,16.41,Profit,Medium Discount
O00469,2026-06-25 00:46:59,C0071,P014,5,9054.92,0,45274.6,0.0,45274.6,30778.95,434.74,1251.9,12809.01,Completed,28.29,Profit,No Discount
O00470,2026-07-22 22:26:28,C0053,P046,1,19668.85,15,19668.85,2950.33,16718.52,14863.55,455.8,235.22,1163.95,Completed,6.96,Profit,Medium Discount
O00471,2026-06-09 09:24:08,C0022,P006,4,14835.37,0,59341.48,0.0,59341.48,42221.96,384.39,1599.76,15135.37,Completed,25.51,Profit,No Discount
O00472,2026-06-15 11:58:19,C0049,P045,2,62341.11,5,124682.22,6234.11,118448.11,92860.52,411.72,2211.36,22964.51,Pending,19.39,Profit,Low Discount
O00473,2026-07-20 05:35:57,C0093,P003,3,10250.36,0,30751.08,0.0,30751.08,26076.3,378.16,681.7,3614.92,Completed,11.76,Profit,No Discount
O00474,2026-07-12 05:34:58,C0004,P011,2,53636.0,5,107272.0,5363.6,101908.4,71249.66,468.18,1792.01,28398.55,Completed,27.87,Profit,Low Discount
O00475,2026-06-21 14:20:24,C0049,P009,4,19784.64,10,79138.56,7913.86,71224.7,56762.16,92.92,859.94,13509.68,Completed,18.97,Profit,Medium Discount
O00476,2026-07-01 17:14:13,C0036,P008,1,21730.36,10,21730.36,2173.04,19557.32,16401.45,401.88,489.62,2264.37,Completed,11.58,Profit,Medium Discount
O00477,2026-07-09 12:08:44,C0058,P017,3,42246.44,15,126739.32,19010.9,107728.42,104510.1,329.21,2676.52,212.59,Completed,0.2,Profit,Medium Discount
O00478,2026-07-07 07:35:52,C0009,P028,5,23427.95,0,117139.75,0.0,117139.75,93043.95,166.2,2589.75,21339.85,Completed,18.22,Profit,No Discount
O00479,2026-06-19 03:28:23,C0090,P036,2,65042.97,10,130085.94,13008.59,117077.35,84727.44,334.58,1537.17,30478.16,Completed,26.03,Profit,Medium Discount
O00480,2026-06-27 01:57:21,C0013,P011,3,53636.0,0,160908.0,0.0,160908.0,106874.49,319.9,4381.57,49332.04,Completed,30.66,Profit,No Discount
O00481,2026-07-28 04:36:56,C0010,P044,3,14190.49,0,42571.47,0.0,42571.47,27060.33,84.64,1018.44,14408.06,Completed,33.84,Profit,No Discount
O00482,2026-07-09 04:57:30,C0090,P023,2,17155.13,25,34310.26,8577.56,25732.7,27233.46,243.99,540.05,-2284.8,Completed,-8.88,Loss,High Discount
O00483,2026-06-17 21:15:35,C0067,P038,3,7609.77,10,22829.31,2282.93,20546.38,15759.84,196.03,316.21,4274.3,Completed,20.8,Profit,Medium Discount
O00484,2026-06-19 22:14:17,C0013,P027,4,10161.47,15,40645.88,6096.88,34549.0,29663.04,78.41,882.24,3925.31,Completed,11.36,Profit,Medium Discount
O00485,2026-07-24 00:13:51,C0096,P023,4,17155.13,15,68620.52,10293.08,58327.44,54466.92,386.53,758.97,2715.02,Completed,4.65,Profit,Medium Discount
O00486,2026-06-29 19:45:48,C0037,P022,5,753.69,20,3768.45,753.69,3014.76,2731.1,159.53,63.75,60.38,Completed,2.0,Profit,High Discount
O00487,2026-06-12 01:44:28,C0050,P048,1,4611.21,20,4611.21,922.24,3688.97,3706.72,449.65,60.89,-528.29,Cancelled,-14.32,Loss,High Discount
O00488,2026-06-15 12:56:37,C0077,P038,2,7609.77,15,15219.54,2282.93,12936.61,10506.56,162.05,278.58,1989.42,Completed,15.38,Profit,Medium Discount
O00489,2026-06-10 04:16:23,C0048,P027,4,10161.47,20,40645.88,8129.18,32516.7,29663.04,470.11,846.31,1537.24,Completed,4.73,Profit,High Discount
O00490,2026-06-08 03:39:10,C0067,P045,3,62341.11,5,187023.33,9351.17,177672.16,139290.78,68.16,3237.87,35075.35,Completed,19.74,Profit,Low Discount
O00491,2026-05-28 11:36:31,C0075,P021,3,57718.84,10,173156.52,17315.65,155840.87,136080.18,56.16,1808.45,17896.08,Completed,11.48,Profit,Medium Discount
O00492,2026-07-25 19:10:28,C0086,P038,2,7609.77,15,15219.54,2282.93,12936.61,10506.56,189.03,163.69,2077.33,Completed,16.06,Profit,Medium Discount
O00493,2026-06-04 11:12:51,C0058,P035,3,54528.17,10,163584.51,16358.45,147226.06,132465.87,438.99,3200.51,11120.69,Completed,7.55,Profit,Medium Discount
O00494,2026-06-16 09:44:25,C0061,P029,3,44167.07,10,132501.21,13250.12,119251.09,95249.34,368.33,2120.83,21512.59,Completed,18.04,Profit,Medium Discount
O00495,2026-05-28 09:02:34,C0083,P023,3,17155.13,20,51465.39,10293.08,41172.31,40850.19,203.86,846.24,-727.98,Completed,-1.77,Loss,High Discount
O00496,2026-07-27 21:29:55,C0051,P021,4,57718.84,10,230875.36,23087.54,207787.82,181440.24,437.47,3994.38,21915.73,Cancelled,10.55,Profit,Medium Discount
O00497,2026-07-07 19:06:49,C0014,P011,3,53636.0,15,160908.0,24136.2,136771.8,106874.49,213.09,3730.15,25954.07,Completed,18.98,Profit,Medium Discount
O00498,2026-07-29 18:29:26,C0075,P021,4,57718.84,10,230875.36,23087.54,207787.82,181440.24,360.9,4975.0,21011.68,Completed,10.11,Profit,Medium Discount
O00499,2026-07-22 18:39:28,C0074,P022,3,753.69,15,2261.07,339.16,1921.91,1638.66,414.62,35.13,-166.5,Completed,-8.66,Loss,Medium Discount
O00500,2026-06-03 17:53:26,C0022,P022,2,753.69,15,1507.38,226.11,1281.27,1092.44,426.82,17.16,-255.15,Completed,-19.91,Loss,Medium Discount
O00501,2026-06-04 08:46:59,C0033,P043,4,16032.71,10,64130.84,6413.08,57717.76,46652.92,358.57,1627.89,9078.38,Completed,15.73,Profit,Medium Discount
O00502,2026-06-06 18:40:22,C0090,P030,5,3158.31,0,15791.55,0.0,15791.55,11153.0,307.67,245.4,4085.48,Cancelled,25.87,Profit,No Discount
O00503,2026-07-27 11:32:01,C0026,P011,4,53636.0,5,214544.0,10727.2,203816.8,142499.32,73.4,2167.57,59076.51,Completed,28.99,Profit,Low Discount
O00504,2026-07-02 18:43:29,C0030,P017,4,42246.44,20,168985.76,33797.15,135188.61,139346.8,447.31,3133.79,-7739.29,Completed,-5.72,Loss,High Discount
O00505,2026-06-12 14:45:03,C0045,P047,3,24905.73,15,74717.19,11207.58,63509.61,56279.43,178.93,1654.6,5396.65,Pending,8.5,Profit,Medium Discount
O00506,2026-07-26 02:51:56,C0084,P037,2,5368.01,15,10736.02,1610.4,9125.62,8780.34,321.37,204.23,-180.32,Cancelled,-1.98,Loss,Medium Discount
O00507,2026-07-13 00:17:50,C0094,P046,4,19668.85,5,78675.4,3933.77,74741.63,59454.2,245.93,1339.31,13702.19,Completed,18.33,Profit,Low Discount
O00508,2026-07-29 13:52:23,C0042,P030,5,3158.31,0,15791.55,0.0,15791.55,11153.0,223.52,180.35,4234.68,Completed,26.82,Profit,No Discount
O00509,2026-07-06 16:57:10,C0034,P020,2,57264.84,5,114529.68,5726.48,108803.2,88374.72,95.44,1452.5,18880.54,Completed,17.35,Profit,Low Discount
O00510,2026-07-13 17:05:00,C0003,P037,1,5368.01,25,5368.01,1342.0,4026.01,4390.17,247.88,62.67,-674.71,Completed,-16.76,Loss,High Discount
O00511,2026-06-13 05:53:42,C0064,P008,5,21730.36,5,108651.8,5432.59,103219.21,82007.25,108.36,1561.63,19541.97,Completed,18.93,Profit,Low Discount
O00512,2026-05-26 12:42:11,C0013,P032,4,39676.81,5,158707.24,7935.36,150771.88,103936.08,414.06,1950.75,44470.99,Completed,29.5,Profit,Low Discount
O00513,2026-08-05 14:37:29,C0088,P023,2,17155.13,15,34310.26,5146.54,29163.72,27233.46,368.0,651.65,910.61,Completed,3.12,Profit,Medium Discount
O00514,2026-06-04 14:47:13,C0064,P038,2,7609.77,10,15219.54,1521.95,13697.59,10506.56,114.84,307.92,2768.27,Completed,20.21,Profit,Medium Discount
O00515,2026-06-14 12:45:52,C0062,P023,1,17155.13,10,17155.13,1715.51,15439.62,13616.73,492.91,276.59,1053.39,Completed,6.82,Profit,Medium Discount
O00516,2026-06-07 20:32:04,C0053,P034,1,38663.96,0,38663.96,0.0,38663.96,27849.0,206.18,809.81,9798.97,Pending,25.34,Profit,No Discount
O00517,2026-06-20 19:22:26,C0017,P015,2,52959.23,5,105918.46,5295.92,100622.54,77188.34,292.11,2696.9,20445.19,Pending,20.32,Profit,Low Discount
O00518,2026-06-03 04:35:21,C0009,P040,4,30510.63,0,122042.52,0.0,122042.52,99183.64,285.24,2369.74,20203.9,Completed,16.55,Profit,No Discount
O00519,2026-06-15 02:47:41,C0076,P044,3,14190.49,15,42571.47,6385.72,36185.75,27060.33,102.66,940.63,8082.13,Completed,22.34,Profit,Medium Discount
O00520,2026-05-18 03:25:42,C0039,P004,3,1247.78,15,3743.34,561.5,3181.84,2985.36,106.7,44.32,45.46,Pending,1.43,Profit,Medium Discount
O00521,2026-07-24 12:15:46,C0006,P019,5,58038.98,10,290194.9,29019.49,261175.41,202221.95,270.33,5979.59,52703.54,Completed,20.18,Profit,Medium Discount
O00522,2026-07-07 15:05:06,C0039,P008,1,21730.36,15,21730.36,3259.55,18470.81,16401.45,175.74,233.34,1660.28,Completed,8.99,Profit,Medium Discount
O00523,2026-05-29 01:25:11,C0053,P030,3,3158.31,5,9474.93,473.75,9001.18,6691.8,132.28,238.66,1938.44,Completed,21.54,Profit,Low Discount
O00524,2026-06-12 09:39:07,C0038,P008,1,21730.36,15,21730.36,3259.55,18470.81,16401.45,163.76,531.55,1374.05,Cancelled,7.44,Profit,Medium Discount
O00525,2026-05-21 04:31:10,C0076,P049,3,24913.36,15,74740.08,11211.01,63529.07,48789.09,408.17,857.8,13474.01,Completed,21.21,Profit,Medium Discount
O00526,2026-05-22 01:30:54,C0041,P031,5,16534.23,20,82671.15,16534.23,66136.92,57397.45,162.35,1009.58,7567.54,Completed,11.44,Profit,High Discount
O00527,2026-07-09 11:52:48,C0042,P050,1,35590.05,10,35590.05,3559.0,32031.04,27730.43,387.62,417.72,3495.28,Completed,10.91,Profit,Medium Discount
O00528,2026-06-14 03:11:16,C0015,P013,1,48575.8,5,48575.8,2428.79,46147.01,33508.29,156.69,1336.88,11145.15,Cancelled,24.15,Profit,Low Discount
O00529,2026-07-23 11:33:38,C0072,P008,3,21730.36,5,65191.08,3259.55,61931.53,49204.35,458.8,1199.08,11069.3,Completed,17.87,Profit,Low Discount
O00530,2026-05-29 00:42:46,C0089,P016,2,6487.76,15,12975.52,1946.33,11029.19,11145.98,280.81,265.6,-663.2,Cancelled,-6.01,Loss,Medium Discount
O00531,2026-07-17 16:48:15,C0093,P046,2,19668.85,0,39337.7,0.0,39337.7,29727.1,63.71,554.23,8992.66,Completed,22.86,Profit,No Discount
O00532,2026-08-09 02:07:17,C0040,P019,4,58038.98,15,232155.92,34823.39,197332.53,161777.56,260.75,5026.27,30267.95,Completed,15.34,Profit,Medium Discount
O00533,2026-07-28 20:35:35,C0052,P030,1,3158.31,20,3158.31,631.66,2526.65,2230.6,467.77,75.62,-247.34,Completed,-9.79,Loss,High Discount
O00534,2026-07-03 10:17:25,C0075,P034,1,38663.96,5,38663.96,1933.2,36730.76,27849.0,259.56,935.45,7686.75,Cancelled,20.93,Profit,Low Discount
O00535,2026-05-26 17:30:24,C0008,P008,3,21730.36,0,65191.08,0.0,65191.08,49204.35,220.89,1696.85,14068.99,Completed,21.58,Profit,No Discount
O00536,2026-08-09 12:02:40,C0011,P039,3,35994.24,15,107982.72,16197.41,91785.31,67594.56,144.85,1939.34,22106.56,Completed,24.09,Profit,Medium Discount
O00537,2026-05-17 23:02:26,C0040,P023,2,17155.13,5,34310.26,1715.51,32594.75,27233.46,387.24,606.99,4367.06,Completed,13.4,Profit,Low Discount
O00538,2026-07-11 12:07:36,C0049,P035,3,54528.17,5,163584.51,8179.23,155405.28,132465.87,63.55,4542.47,18333.39,Completed,11.8,Profit,Low Discount
O00539,2026-06-13 09:01:08,C0083,P039,4,35994.24,10,143976.96,14397.7,129579.26,90126.08,344.02,1794.18,37314.98,Completed,28.8,Profit,Medium Discount
O00540,2026-07-01 08:14:03,C0038,P037,3,5368.01,10,16104.03,1610.4,14493.63,13170.51,207.69,409.57,705.86,Completed,4.87,Profit,Medium Discount
O00541,2026-07-02 05:56:42,C0013,P032,1,39676.81,15,39676.81,5951.52,33725.29,25984.02,330.21,1005.09,6405.97,Completed,18.99,Profit,Medium Discount
O00542,2026-06-28 12:49:37,C0099,P046,3,19668.85,15,59006.55,8850.98,50155.57,44590.65,90.05,1496.34,3978.53,Completed,7.93,Profit,Medium Discount
O00543,2026-06-18 20:21:45,C0076,P008,2,21730.36,20,43460.72,8692.14,34768.58,32802.9,77.81,411.91,1475.96,Completed,4.25,Profit,High Discount
O00544,2026-06-03 16:03:31,C0076,P031,5,16534.23,10,82671.15,8267.12,74404.03,57397.45,275.68,1111.09,15619.81,Completed,20.99,Profit,Medium Discount
O00545,2026-05-21 18:10:36,C0073,P026,4,3524.72,15,14098.88,2114.83,11984.05,11054.56,310.05,336.6,282.84,Completed,2.36,Profit,Medium Discount
O00546,2026-06-10 06:46:39,C0058,P027,1,10161.47,0,10161.47,0.0,10161.47,7415.76,145.6,236.46,2363.65,Completed,23.26,Profit,No Discount
O00547,2026-08-08 10:25:13,C0034,P023,2,17155.13,20,34310.26,6862.05,27448.21,27233.46,459.13,446.79,-691.17,Completed,-2.52,Loss,High Discount
O00548,2026-07-02 03:38:59,C0001,P025,2,12111.87,0,24223.74,0.0,24223.74,15149.46,203.95,450.54,8419.79,Completed,34.76,Profit,No Discount
O00549,2026-05-27 20:18:09,C0086,P021,5,57718.84,10,288594.2,28859.42,259734.78,226800.3,179.58,5157.4,27597.5,Completed,10.63,Profit,Medium Discount
O00550,2026-08-04 14:07:42,C0052,P015,1,52959.23,0,52959.23,0.0,52959.23,38594.17,102.46,1108.64,13153.96,Cancelled,24.84,Profit,No Discount
O00551,2026-05-23 02:43:17,C0047,P023,4,17155.13,10,68620.52,6862.05,61758.47,54466.92,97.63,1695.91,5498.01,Completed,8.9,Profit,Medium Discount
O00552,2026-06-24 16:10:34,C0064,P003,2,10250.36,10,20500.72,2050.07,18450.65,17384.2,474.2,215.04,377.21,Completed,2.04,Profit,Medium Discount
O00553,2026-07-03 12:18:46,C0064,P005,2,57603.46,10,115206.92,11520.69,103686.23,90968.32,258.79,1283.03,11176.09,Pending,10.78,Profit,Medium Discount
O00554,2026-05-23 23:05:03,C0093,P005,1,57603.46,20,57603.46,11520.69,46082.77,45484.16,402.58,1105.71,-909.68,Completed,-1.97,Loss,High Discount
O00555,2026-07-11 19:01:01,C0011,P028,4,23427.95,0,93711.8,0.0,93711.8,74435.16,127.64,2001.64,17147.36,Completed,18.3,Profit,No Discount
O00556,2026-07-16 21:10:30,C0061,P028,2,23427.95,15,46855.9,7028.38,39827.52,37217.58,64.3,1021.22,1524.41,Completed,3.83,Profit,Medium Discount
O00557,2026-07-22 10:00:25,C0034,P031,4,16534.23,0,66136.92,0.0,66136.92,45917.96,285.61,950.07,18983.28,Pending,28.7,Profit,No Discount
O00558,2026-05-21 23:22:42,C0001,P001,1,27812.76,10,27812.76,2781.28,25031.48,21710.86,211.64,662.61,2446.37,Completed,9.77,Profit,Medium Discount
O00559,2026-05-31 12:00:35,C0038,P035,5,54528.17,15,272640.85,40896.13,231744.72,220776.45,121.24,2557.47,8289.56,Completed,3.58,Profit,Medium Discount
O00560,2026-05-31 06:06:57,C0013,P017,1,42246.44,5,42246.44,2112.32,40134.12,34836.7,460.8,855.41,3981.21,Completed,9.92,Profit,Low Discount
O00561,2026-08-03 12:33:29,C0072,P015,5,52959.23,5,264796.15,13239.81,251556.34,192970.85,256.61,4041.43,54287.45,Cancelled,21.58,Profit,Low Discount
O00562,2026-07-10 09:58:17,C0006,P005,2,57603.46,15,115206.92,17281.04,97925.88,90968.32,289.21,1043.22,5625.13,Completed,5.74,Profit,Medium Discount
O00563,2026-06-15 06:26:54,C0020,P006,3,14835.37,15,44506.11,6675.92,37830.19,31666.47,487.02,803.66,4873.04,Completed,12.88,Profit,Medium Discount
O00564,2026-05-25 00:56:46,C0013,P007,4,63520.31,0,254081.24,0.0,254081.24,179049.6,325.76,7309.83,67396.05,Completed,26.53,Profit,No Discount
O00565,2026-06-09 20:47:13,C0081,P035,3,54528.17,5,163584.51,8179.23,155405.28,132465.87,356.61,4476.24,18106.56,Completed,11.65,Profit,Low Discount
O00566,2026-05-28 06:28:20,C0024,P017,3,42246.44,25,126739.32,31684.83,95054.49,104510.1,249.85,2376.42,-12081.88,Completed,-12.71,Loss,High Discount
O00567,2026-07-09 22:51:52,C0014,P037,4,5368.01,10,21472.04,2147.2,19324.84,17560.68,63.12,543.9,1157.14,Completed,5.99,Profit,Medium Discount
O00568,2026-07-29 23:44:33,C0090,P028,5,23427.95,15,117139.75,17570.96,99568.79,93043.95,93.08,1628.34,4803.42,Pending,4.82,Profit,Medium Discount
O00569,2026-06-26 04:12:57,C0031,P009,5,19784.64,15,98923.2,14838.48,84084.72,70952.7,72.6,1622.18,11437.24,Completed,13.6,Profit,Medium Discount
O00570,2026-07-14 15:16:58,C0057,P016,3,6487.76,0,19463.28,0.0,19463.28,16718.97,191.67,211.39,2341.25,Completed,12.03,Profit,No Discount
O00571,2026-07-13 15:32:11,C0039,P034,3,38663.96,20,115991.88,23198.38,92793.5,83547.0,346.12,942.89,7957.49,Cancelled,8.58,Profit,High Discount
O00572,2026-08-01 13:01:11,C0004,P029,2,44167.07,15,88334.14,13250.12,75084.02,63499.56,267.81,1522.85,9793.8,Completed,13.04,Profit,Medium Discount
O00573,2026-07-15 19:28:46,C0084,P006,3,14835.37,10,44506.11,4450.61,40055.5,31666.47,422.82,971.62,6994.59,Completed,17.46,Profit,Medium Discount
O00574,2026-06-07 16:20:57,C0063,P004,1,1247.78,15,1247.78,187.17,1060.61,995.12,205.61,24.84,-164.96,Completed,-15.55,Loss,Medium Discount
O00575,2026-07-31 01:57:26,C0022,P001,4,27812.76,5,111251.04,5562.55,105688.49,86843.44,328.7,2017.39,16498.96,Completed,15.61,Profit,Low Discount
O00576,2026-07-06 12:08:33,C0009,P012,1,70135.64,10,70135.64,7013.56,63122.08,45764.99,187.02,881.3,16288.77,Completed,25.81,Profit,Medium Discount
O00577,2026-06-22 16:48:19,C0047,P005,4,57603.46,10,230413.84,23041.38,207372.46,181936.64,237.74,2738.25,22459.83,Completed,10.83,Profit,Medium Discount
O00578,2026-06-29 12:14:06,C0025,P010,2,73897.59,0,147795.18,0.0,147795.18,98693.94,226.9,1774.27,47100.07,Completed,31.87,Profit,No Discount
O00579,2026-08-12 23:25:44,C0078,P035,4,54528.17,5,218112.68,10905.63,207207.05,176621.16,84.56,3045.92,27455.41,Completed,13.25,Profit,Low Discount
O00580,2026-06-28 18:04:29,C0086,P045,1,62341.11,5,62341.11,3117.06,59224.05,46430.26,440.78,1689.62,10663.39,Completed,18.01,Profit,Low Discount
O00581,2026-06-14 15:20:35,C0054,P011,1,53636.0,0,53636.0,0.0,53636.0,35624.83,436.08,1320.69,16254.4,Cancelled,30.31,Profit,No Discount
O00582,2026-08-08 06:47:37,C0057,P044,3,14190.49,5,42571.47,2128.57,40442.9,27060.33,68.12,880.32,12434.13,Completed,30.74,Profit,Low Discount
O00583,2026-07-12 21:49:23,C0002,P026,3,3524.72,10,10574.16,1057.42,9516.74,8290.92,304.73,238.2,682.89,Completed,7.18,Profit,Medium Discount
O00584,2026-06-27 09:42:22,C0046,P040,4,30510.63,10,122042.52,12204.25,109838.27,99183.64,424.56,2868.2,7361.87,Completed,6.7,Profit,Medium Discount
O00585,2026-06-15 10:02:52,C0036,P021,5,57718.84,0,288594.2,0.0,288594.2,226800.3,136.96,3177.76,58479.18,Completed,20.26,Profit,No Discount
O00586,2026-07-10 23:27:46,C0030,P023,2,17155.13,15,34310.26,5146.54,29163.72,27233.46,441.79,734.39,754.08,Completed,2.59,Profit,Medium Discount
O00587,2026-07-16 01:33:31,C0015,P036,4,65042.97,0,260171.88,0.0,260171.88,169454.88,307.4,6792.74,83616.86,Completed,32.14,Profit,No Discount
O00588,2026-05-22 14:48:25,C0029,P020,1,57264.84,5,57264.84,2863.24,54401.6,44187.36,212.48,988.43,9013.33,Completed,16.57,Profit,Low Discount
O00589,2026-07-14 23:00:11,C0069,P036,5,65042.97,5,325214.85,16260.74,308954.11,211818.6,411.28,4612.81,92111.42,Pending,29.81,Profit,Low Discount
O00590,2026-07-27 14:59:36,C0100,P022,4,753.69,20,3014.76,602.95,2411.81,2184.88,183.78,35.21,7.94,Completed,0.33,Profit,High Discount
O00591,2026-05-26 09:41:28,C0070,P047,1,24905.73,0,24905.73,0.0,24905.73,18759.81,295.51,301.65,5548.76,Completed,22.28,Profit,No Discount
O00592,2026-07-29 19:45:59,C0087,P011,5,53636.0,0,268180.0,0.0,268180.0,178124.15,65.72,7990.46,81999.67,Completed,30.58,Profit,No Discount
O00593,2026-06-05 22:38:28,C0009,P042,4,60982.04,25,243928.16,60982.04,182946.12,181294.88,407.22,4242.24,-2998.22,Completed,-1.64,Loss,High Discount
O00594,2026-07-16 12:00:57,C0061,P031,3,16534.23,25,49602.69,12400.67,37202.02,34438.47,395.6,695.2,1672.75,Completed,4.5,Profit,High Discount
O00595,2026-06-06 06:11:04,C0066,P024,1,4338.48,10,4338.48,433.85,3904.63,3431.63,340.19,40.88,91.93,Completed,2.35,Profit,Medium Discount
O00596,2026-06-11 11:07:49,C0088,P001,3,27812.76,10,83438.28,8343.83,75094.45,65132.58,400.78,775.28,8785.81,Completed,11.7,Profit,Medium Discount
O00597,2026-07-19 21:22:09,C0095,P017,1,42246.44,10,42246.44,4224.64,38021.8,34836.7,137.75,876.09,2171.26,Completed,5.71,Profit,Medium Discount
O00598,2026-05-24 15:38:26,C0071,P002,2,36560.51,20,73121.02,14624.2,58496.82,51617.76,96.28,732.33,6050.45,Pending,10.34,Profit,High Discount
O00599,2026-06-01 00:25:47,C0043,P011,5,53636.0,0,268180.0,0.0,268180.0,178124.15,118.3,7453.13,82484.42,Cancelled,30.76,Profit,No Discount
O00600,2026-06-09 01:23:11,C0049,P016,2,6487.76,10,12975.52,1297.55,11677.97,11145.98,243.08,181.22,107.69,Completed,0.92,Profit,Medium Discount
O00601,2026-06-02 15:28:30,C0010,P042,1,60982.04,10,60982.04,6098.2,54883.84,45323.72,386.19,788.92,8385.01,Completed,15.28,Profit,Medium Discount
O00602,2026-07-09 08:41:43,C0080,P045,1,62341.11,15,62341.11,9351.17,52989.94,46430.26,70.25,1307.95,5181.48,Completed,9.78,Profit,Medium Discount
O00603,2026-05-24 01:22:26,C0090,P025,2,12111.87,10,24223.74,2422.37,21801.37,15149.46,106.87,230.15,6314.89,Completed,28.97,Profit,Medium Discount
O00604,2026-05-31 23:12:27,C0098,P048,4,4611.21,10,18444.84,1844.48,16600.36,14826.88,399.85,389.39,984.24,Completed,5.93,Profit,Medium Discount
O00605,2026-05-17 00:41:42,C0027,P002,1,36560.51,25,36560.51,9140.13,27420.38,25808.88,72.69,762.5,776.31,Completed,2.83,Profit,High Discount
O00606,2026-06-25 10:22:30,C0024,P021,2,57718.84,10,115437.68,11543.77,103893.91,90720.12,427.92,1303.84,11442.03,Completed,11.01,Profit,Medium Discount
O00607,2026-06-29 12:12:35,C0058,P012,4,70135.64,25,280542.56,70135.64,210406.92,183059.96,377.08,5406.49,21563.39,Pending,10.25,Profit,High Discount
O00608,2026-07-22 16:48:41,C0056,P025,1,12111.87,15,12111.87,1816.78,10295.09,7574.73,326.52,222.62,2171.22,Completed,21.09,Profit,Medium Discount
O00609,2026-07-13 10:08:26,C0016,P005,4,57603.46,5,230413.84,11520.69,218893.15,181936.64,107.5,4125.55,32723.46,Completed,14.95,Profit,Low Discount
O00610,2026-07-01 09:26:08,C0012,P016,1,6487.76,15,6487.76,973.16,5514.6,5572.99,300.46,92.95,-451.8,Completed,-8.19,Loss,Medium Discount
O00611,2026-06-14 01:08:37,C0044,P017,1,42246.44,10,42246.44,4224.64,38021.8,34836.7,274.54,622.24,2288.32,Cancelled,6.02,Profit,Medium Discount
O00612,2026-05-19 22:30:59,C0087,P040,3,30510.63,5,91531.89,4576.59,86955.3,74387.73,451.04,893.26,11223.27,Completed,12.91,Profit,Low Discount
O00613,2026-06-08 05:50:20,C0092,P019,5,58038.98,25,290194.9,72548.73,217646.18,202221.95,304.59,4415.87,10703.77,Completed,4.92,Profit,High Discount
O00614,2026-06-13 17:47:35,C0025,P031,2,16534.23,10,33068.46,3306.85,29761.61,22958.98,224.93,440.65,6137.05,Completed,20.62,Profit,Medium Discount
O00615,2026-07-24 09:47:12,C0084,P044,3,14190.49,15,42571.47,6385.72,36185.75,27060.33,489.56,654.76,7981.1,Completed,22.06,Profit,Medium Discount
O00616,2026-06-13 05:14:30,C0016,P035,4,54528.17,10,218112.68,21811.27,196301.41,176621.16,415.61,3246.59,16018.05,Completed,8.16,Profit,Medium Discount
O00617,2026-07-24 00:32:24,C0081,P002,5,36560.51,20,182802.55,36560.51,146242.04,129044.4,316.54,3494.17,13386.93,Completed,9.15,Profit,High Discount
O00618,2026-08-08 05:29:20,C0060,P035,5,54528.17,10,272640.85,27264.08,245376.76,220776.45,362.04,5892.04,18346.23,Completed,7.48,Profit,Medium Discount
O00619,2026-06-29 20:25:47,C0004,P019,3,58038.98,10,174116.94,17411.69,156705.25,121333.17,133.99,1647.57,33590.52,Completed,21.44,Profit,Medium Discount
O00620,2026-05-23 16:19:16,C0052,P047,5,24905.73,15,124528.65,18679.3,105849.35,93799.05,154.64,1537.0,10358.66,Completed,9.79,Profit,Medium Discount
O00621,2026-07-22 12:10:59,C0090,P048,3,4611.21,10,13833.63,1383.36,12450.27,11120.16,313.5,259.31,757.3,Completed,6.08,Profit,Medium Discount
O00622,2026-06-08 10:22:37,C0083,P048,3,4611.21,10,13833.63,1383.36,12450.27,11120.16,294.96,182.71,852.44,Completed,6.85,Profit,Medium Discount
O00623,2026-08-14 11:19:44,C0027,P011,2,53636.0,10,107272.0,10727.2,96544.8,71249.66,360.19,1452.64,23482.31,Completed,24.32,Profit,Medium Discount
O00624,2026-06-11 10:55:02,C0042,P028,1,23427.95,25,23427.95,5856.99,17570.96,18608.79,295.15,223.39,-1556.37,Cancelled,-8.86,Loss,High Discount
O00625,2026-08-01 06:13:57,C0007,P011,5,53636.0,25,268180.0,67045.0,201135.0,178124.15,365.19,5110.63,17535.03,Completed,8.72,Profit,High Discount
O00626,2026-08-01 14:12:04,C0051,P037,5,5368.01,5,26840.05,1342.0,25498.05,21950.85,75.6,645.88,2825.72,Completed,11.08,Profit,Low Discount
O00627,2026-07-16 10:57:03,C0057,P004,3,1247.78,20,3743.34,748.67,2994.67,2985.36,354.25,48.35,-393.29,Completed,-13.13,Loss,High Discount
O00628,2026-07-13 00:46:10,C0087,P045,2,62341.11,10,124682.22,12468.22,112214.0,92860.52,486.19,1970.12,16897.17,Completed,15.06,Profit,Medium Discount
O00629,2026-07-19 23:07:42,C0083,P033,4,39743.89,0,158975.56,0.0,158975.56,108656.44,77.5,3177.29,47064.33,Completed,29.6,Profit,No Discount
O00630,2026-08-02 19:41:46,C0030,P029,5,44167.07,0,220835.35,0.0,220835.35,158748.9,447.47,4040.52,57598.46,Completed,26.08,Profit,No Discount
O00631,2026-06-04 23:24:44,C0047,P038,1,7609.77,20,7609.77,1521.95,6087.82,5253.28,341.94,177.1,315.5,Completed,5.18,Profit,High Discount
O00632,2026-06-27 01:06:21,C0010,P007,5,63520.31,0,317601.55,0.0,317601.55,223812.0,440.68,5064.87,88284.0,Completed,27.8,Profit,No Discount
O00633,2026-05-27 21:54:30,C0060,P034,4,38663.96,15,154655.84,23198.38,131457.46,111396.0,143.97,1468.55,18448.94,Completed,14.03,Profit,Medium Discount
O00634,2026-07-08 15:22:57,C0094,P050,1,35590.05,0,35590.05,0.0,35590.05,27730.43,102.42,536.88,7220.32,Completed,20.29,Profit,No Discount
O00635,2026-06-07 14:18:15,C0043,P027,1,10161.47,5,10161.47,508.07,9653.4,7415.76,183.35,124.23,1930.06,Completed,19.99,Profit,Low Discount
O00636,2026-07-18 15:33:30,C0059,P031,4,16534.23,10,66136.92,6613.69,59523.23,45917.96,285.65,975.14,12344.48,Completed,20.74,Profit,Medium Discount
O00637,2026-05-31 05:37:50,C0004,P030,3,3158.31,15,9474.93,1421.24,8053.69,6691.8,462.1,138.49,761.3,Completed,9.45,Profit,Medium Discount
O00638,2026-08-12 23:12:44,C0071,P001,2,27812.76,25,55625.52,13906.38,41719.14,43421.72,196.56,746.05,-2645.19,Completed,-6.34,Loss,High Discount
O00639,2026-06-11 13:25:43,C0024,P022,3,753.69,10,2261.07,226.11,2034.96,1638.66,311.29,58.44,26.57,Completed,1.31,Profit,Medium Discount
O00640,2026-08-05 00:39:01,C0033,P010,5,73897.59,15,369487.95,55423.19,314064.76,246734.85,328.07,5287.89,61713.95,Completed,19.65,Profit,Medium Discount
O00641,2026-05-30 13:53:41,C0076,P029,1,44167.07,10,44167.07,4416.71,39750.36,31749.78,208.19,882.76,6909.63,Completed,17.38,Profit,Medium Discount
O00642,2026-05-23 16:51:26,C0044,P018,3,5164.57,0,15493.71,0.0,15493.71,12100.8,256.7,388.0,2748.21,Cancelled,17.74,Profit,No Discount
O00643,2026-05-22 13:25:37,C0059,P031,2,16534.23,10,33068.46,3306.85,29761.61,22958.98,139.74,455.04,6207.85,Completed,20.86,Profit,Medium Discount
O00644,2026-06-01 21:05:18,C0088,P022,2,753.69,15,1507.38,226.11,1281.27,1092.44,334.16,32.91,-178.24,Completed,-13.91,Loss,Medium Discount
O00645,2026-08-01 17:25:07,C0055,P016,4,6487.76,10,25951.04,2595.1,23355.94,22291.96,56.45,457.0,550.53,Completed,2.36,Profit,Medium Discount
O00646,2026-06-15 15:14:51,C0022,P032,5,39676.81,10,198384.05,19838.4,178545.64,129920.1,393.66,3654.48,44577.4,Completed,24.97,Profit,Medium Discount
O00647,2026-07-13 13:00:48,C0039,P015,5,52959.23,0,264796.15,0.0,264796.15,192970.85,114.33,6579.09,65131.88,Completed,24.6,Profit,No Discount
O00648,2026-07-28 11:39:29,C0035,P006,4,14835.37,5,59341.48,2967.07,56374.41,42221.96,280.27,1108.65,12763.53,Completed,22.64,Profit,Low Discount
O00649,2026-08-04 19:04:45,C0084,P047,4,24905.73,0,99622.92,0.0,99622.92,75039.24,61.61,2098.64,22423.43,Completed,22.51,Profit,No Discount
O00650,2026-07-11 00:48:31,C0067,P048,1,4611.21,10,4611.21,461.12,4150.09,3706.72,481.91,45.54,-84.08,Completed,-2.03,Loss,Medium Discount
O00651,2026-08-14 04:59:40,C0098,P041,1,33978.49,10,33978.49,3397.85,30580.64,28501.77,70.51,884.37,1123.99,Completed,3.68,Profit,Medium Discount
O00652,2026-06-13 18:58:18,C0056,P049,1,24913.36,20,24913.36,4982.67,19930.69,16263.03,492.81,516.8,2658.05,Completed,13.34,Profit,High Discount
O00653,2026-06-28 09:45:43,C0078,P041,4,33978.49,5,135913.96,6795.7,129118.26,114007.08,495.28,3058.33,11557.57,Cancelled,8.95,Profit,Low Discount
O00654,2026-05-28 20:13:31,C0018,P013,3,48575.8,10,145727.4,14572.74,131154.66,100524.87,84.54,1322.53,29222.72,Completed,22.28,Profit,Medium Discount
O00655,2026-07-01 06:36:20,C0051,P027,1,10161.47,10,10161.47,1016.15,9145.32,7415.76,60.8,152.79,1515.97,Completed,16.58,Profit,Medium Discount
O00656,2026-07-22 15:11:46,C0098,P048,3,4611.21,25,13833.63,3458.41,10375.22,11120.16,297.44,303.61,-1345.99,Completed,-12.97,Loss,High Discount
O00657,2026-06-15 07:02:38,C0045,P013,5,48575.8,0,242879.0,0.0,242879.0,167541.45,130.56,6302.78,68904.21,Completed,28.37,Profit,No Discount
O00658,2026-07-23 16:57:28,C0045,P050,4,35590.05,0,142360.2,0.0,142360.2,110921.72,176.27,2419.95,28842.26,Completed,20.26,Profit,No Discount
O00659,2026-06-24 20:22:23,C0035,P039,5,35994.24,15,179971.2,26995.68,152975.52,112657.6,482.73,3763.94,36071.25,Completed,23.58,Profit,Medium Discount
O00660,2026-06-12 04:50:23,C0065,P043,3,16032.71,5,48098.13,2404.91,45693.22,34989.69,378.89,840.77,9483.87,Completed,20.76,Profit,Low Discount
O00661,2026-07-04 08:38:41,C0019,P028,3,23427.95,0,70283.85,0.0,70283.85,55826.37,131.55,2048.35,12277.58,Cancelled,17.47,Profit,No Discount
O00662,2026-07-08 04:42:30,C0099,P040,5,30510.63,10,152553.15,15255.32,137297.84,123979.55,305.85,1535.48,11476.95,Completed,8.36,Profit,Medium Discount
O00663,2026-07-03 17:05:11,C0035,P045,4,62341.11,15,249364.44,37404.67,211959.77,185721.04,307.31,3959.63,21971.79,Completed,10.37,Profit,Medium Discount
O00664,2026-06-28 06:30:44,C0065,P006,3,14835.37,15,44506.11,6675.92,37830.19,31666.47,267.71,694.86,5201.15,Completed,13.75,Profit,Medium Discount
O00665,2026-05-24 13:54:12,C0018,P023,1,17155.13,15,17155.13,2573.27,14581.86,13616.73,139.47,237.69,587.97,Completed,4.03,Profit,Medium Discount
O00666,2026-07-13 19:59:12,C0088,P047,3,24905.73,5,74717.19,3735.86,70981.33,56279.43,401.1,1510.33,12790.47,Completed,18.02,Profit,Low Discount
O00667,2026-05-20 15:20:33,C0009,P045,1,62341.11,15,62341.11,9351.17,52989.94,46430.26,380.76,1176.49,5002.43,Completed,9.44,Profit,Medium Discount
O00668,2026-08-11 02:57:56,C0087,P020,5,57264.84,20,286324.2,57264.84,229059.36,220936.8,77.42,5470.02,2575.12,Completed,1.12,Profit,High Discount
O00669,2026-06-27 17:09:36,C0058,P050,1,35590.05,10,35590.05,3559.0,32031.04,27730.43,178.53,790.92,3331.17,Completed,10.4,Profit,Medium Discount
O00670,2026-07-27 02:02:54,C0014,P002,3,36560.51,0,109681.53,0.0,109681.53,77426.64,262.24,1297.36,30695.29,Completed,27.99,Profit,No Discount
O00671,2026-06-17 01:31:26,C0088,P045,3,62341.11,20,187023.33,37404.67,149618.66,139290.78,138.33,1563.71,8625.84,Completed,5.77,Profit,High Discount
O00672,2026-07-14 09:12:54,C0098,P025,2,12111.87,10,24223.74,2422.37,21801.37,15149.46,413.78,484.71,5753.42,Completed,26.39,Profit,Medium Discount
O00673,2026-06-10 01:51:35,C0073,P001,2,27812.76,0,55625.52,0.0,55625.52,43421.72,170.96,777.25,11255.59,Completed,20.23,Profit,No Discount
O00674,2026-05-19 06:43:47,C0034,P025,5,12111.87,10,60559.35,6055.94,54503.42,37873.65,315.34,618.48,15695.95,Completed,28.8,Profit,Medium Discount
O00675,2026-05-25 15:16:02,C0039,P031,2,16534.23,15,33068.46,4960.27,28108.19,22958.98,371.7,606.56,4170.95,Completed,14.84,Profit,Medium Discount
O00676,2026-06-07 23:53:34,C0073,P031,4,16534.23,10,66136.92,6613.69,59523.23,45917.96,350.99,1546.0,11708.28,Cancelled,19.67,Profit,Medium Discount
O00677,2026-07-21 05:41:21,C0016,P015,3,52959.23,10,158877.69,15887.77,142989.92,115782.51,368.16,3324.71,23514.54,Completed,16.44,Profit,Medium Discount
O00678,2026-08-05 22:23:06,C0002,P029,5,44167.07,0,220835.35,0.0,220835.35,158748.9,381.16,3128.79,58576.5,Completed,26.52,Profit,No Discount
O00679,2026-08-08 07:36:35,C0067,P048,1,4611.21,0,4611.21,0.0,4611.21,3706.72,50.42,129.41,724.66,Completed,15.72,Profit,No Discount
O00680,2026-07-11 14:46:16,C0036,P013,4,48575.8,5,194303.2,9715.16,184588.04,134033.16,460.28,1994.62,48099.98,Completed,26.06,Profit,Low Discount
O00681,2026-07-12 18:33:21,C0056,P023,5,17155.13,20,85775.65,17155.13,68620.52,68083.65,186.52,1759.28,-1408.93,Completed,-2.05,Loss,High Discount
O00682,2026-05-18 18:48:02,C0089,P031,2,16534.23,5,33068.46,1653.42,31415.04,22958.98,74.51,428.79,7952.76,Pending,25.32,Profit,Low Discount
O00683,2026-07-30 00:28:52,C0092,P042,3,60982.04,5,182946.12,9147.31,173798.81,135971.16,242.36,3980.75,33604.54,Completed,19.34,Profit,Low Discount
O00684,2026-07-21 00:59:23,C0083,P022,3,753.69,0,2261.07,0.0,2261.07,1638.66,285.53,64.28,272.6,Completed,12.06,Profit,No Discount
O00685,2026-08-04 12:30:37,C0068,P015,1,52959.23,5,52959.23,2647.96,50311.27,38594.17,394.34,647.17,10675.59,Completed,21.22,Profit,Low Discount
O00686,2026-06-11 22:27:59,C0100,P007,3,63520.31,15,190560.93,28584.14,161976.79,134287.2,456.46,2486.07,24747.06,Completed,15.28,Profit,Medium Discount
O00687,2026-07-11 17:12:47,C0082,P028,4,23427.95,10,93711.8,9371.18,84340.62,74435.16,295.67,2405.74,7204.05,Completed,8.54,Profit,Medium Discount
O00688,2026-05-20 16:12:24,C0010,P034,4,38663.96,0,154655.84,0.0,154655.84,111396.0,360.65,4469.63,38429.56,Completed,24.85,Profit,No Discount
O00689,2026-07-29 20:37:59,C0025,P017,3,42246.44,10,126739.32,12673.93,114065.39,104510.1,103.98,1852.57,7598.74,Completed,6.66,Profit,Medium Discount
O00690,2026-07-29 04:41:39,C0038,P014,3,9054.92,25,27164.76,6791.19,20373.57,18467.37,197.97,473.61,1234.62,Completed,6.06,Profit,High Discount
O00691,2026-06-02 18:41:03,C0072,P020,3,57264.84,15,171794.52,25769.18,146025.34,132562.08,493.95,3206.25,9763.06,Completed,6.69,Profit,Medium Discount
O00692,2026-07-01 10:48:23,C0068,P035,3,54528.17,10,163584.51,16358.45,147226.06,132465.87,188.22,4003.61,10568.36,Pending,7.18,Profit,Medium Discount
O00693,2026-07-06 03:44:01,C0080,P038,4,7609.77,0,30439.08,0.0,30439.08,21013.12,419.25,716.32,8290.39,Completed,27.24,Profit,No Discount
O00694,2026-07-19 00:35:14,C0063,P036,5,65042.97,10,325214.85,32521.48,292693.36,211818.6,321.94,5624.97,74927.85,Completed,25.6,Profit,Medium Discount
O00695,2026-06-28 16:55:46,C0096,P003,4,10250.36,20,41001.44,8200.29,32801.15,34768.4,231.0,635.55,-2833.8,Completed,-8.64,Loss,High Discount
O00696,2026-08-13 17:03:52,C0061,P031,1,16534.23,5,16534.23,826.71,15707.52,11479.49,112.66,349.34,3766.03,Completed,23.98,Profit,Low Discount
O00697,2026-06-12 18:36:43,C0079,P015,3,52959.23,15,158877.69,23831.65,135046.04,115782.51,334.12,2081.22,16848.19,Completed,12.48,Profit,Medium Discount
O00698,2026-06-03 09:21:38,C0047,P013,1,48575.8,0,48575.8,0.0,48575.8,33508.29,489.92,1051.79,13525.8,Pending,27.84,Profit,No Discount
O00699,2026-07-12 14:22:37,C0013,P001,2,27812.76,5,55625.52,2781.28,52844.24,43421.72,210.74,892.11,8319.67,Completed,15.74,Profit,Low Discount
O00700,2026-06-28 02:08:45,C0071,P029,5,44167.07,10,220835.35,22083.54,198751.82,158748.9,78.41,3564.63,36359.88,Completed,18.29,Profit,Medium Discount
O00701,2026-07-17 09:36:57,C0078,P025,5,12111.87,10,60559.35,6055.94,54503.42,37873.65,234.82,1436.3,14958.65,Cancelled,27.45,Profit,Medium Discount
O00702,2026-08-03 19:47:18,C0050,P049,3,24913.36,10,74740.08,7474.01,67266.07,48789.09,165.49,1684.5,16626.99,Completed,24.72,Profit,Medium Discount
O00703,2026-07-03 12:15:51,C0098,P030,1,3158.31,25,3158.31,789.58,2368.73,2230.6,245.87,67.3,-175.04,Completed,-7.39,Loss,High Discount
O00704,2026-05-25 15:04:13,C0037,P040,1,30510.63,10,30510.63,3051.06,27459.57,24795.91,148.84,274.72,2240.1,Cancelled,8.16,Profit,Medium Discount
O00705,2026-07-01 09:39:49,C0064,P022,2,753.69,0,1507.38,0.0,1507.38,1092.44,104.16,17.11,293.67,Completed,19.48,Profit,No Discount
O00706,2026-06-19 13:16:05,C0065,P033,1,39743.89,0,39743.89,0.0,39743.89,27164.11,280.58,674.72,11624.48,Completed,29.25,Profit,No Discount
O00707,2026-06-25 09:58:49,C0032,P033,4,39743.89,5,158975.56,7948.78,151026.78,108656.44,387.22,4282.64,37700.48,Completed,24.96,Profit,Low Discount
O00708,2026-06-18 03:07:30,C0034,P023,2,17155.13,0,34310.26,0.0,34310.26,27233.46,67.53,611.97,6397.3,Completed,18.65,Profit,No Discount
O00709,2026-06-16 22:34:48,C0077,P049,5,24913.36,15,124566.8,18685.02,105881.78,81315.15,416.78,2916.94,21232.91,Completed,20.05,Profit,Medium Discount
O00710,2026-07-20 19:59:04,C0054,P030,2,3158.31,10,6316.62,631.66,5684.96,4461.2,66.96,148.73,1008.07,Completed,17.73,Profit,Medium Discount
O00711,2026-05-26 22:11:44,C0007,P040,2,30510.63,10,61021.26,6102.13,54919.13,49591.82,496.46,1491.09,3339.76,Completed,6.08,Profit,Medium Discount
O00712,2026-08-08 01:07:23,C0021,P026,1,3524.72,0,3524.72,0.0,3524.72,2763.64,231.57,51.8,477.71,Completed,13.55,Profit,No Discount
O00713,2026-06-01 09:12:33,C0020,P024,3,4338.48,0,13015.44,0.0,13015.44,10294.89,188.52,192.93,2339.1,Completed,17.97,Profit,No Discount
O00714,2026-06-17 18:57:30,C0047,P007,3,63520.31,10,190560.93,19056.09,171504.84,134287.2,77.64,2483.13,34656.87,Completed,20.21,Profit,Medium Discount
O00715,2026-06-25 17:39:46,C0093,P022,3,753.69,20,2261.07,452.21,1808.86,1638.66,271.83,30.03,-131.66,Completed,-7.28,Loss,High Discount
O00716,2026-07-23 02:50:13,C0031,P030,2,3158.31,5,6316.62,315.83,6000.79,4461.2,184.13,98.46,1257.0,Completed,20.95,Profit,Low Discount
O00717,2026-07-03 20:59:12,C0056,P022,3,753.69,10,2261.07,226.11,2034.96,1638.66,105.73,23.22,267.35,Cancelled,13.14,Profit,Medium Discount
O00718,2026-06-13 18:03:23,C0001,P021,5,57718.84,0,288594.2,0.0,288594.2,226800.3,127.34,5636.4,56030.16,Completed,19.41,Profit,No Discount
O00719,2026-07-20 02:23:30,C0016,P044,3,14190.49,20,42571.47,8514.29,34057.18,27060.33,55.95,689.17,6251.73,Completed,18.36,Profit,High Discount
O00720,2026-06-24 15:34:53,C0074,P043,1,16032.71,15,16032.71,2404.91,13627.8,11663.23,449.69,190.58,1324.3,Completed,9.72,Profit,Medium Discount
O00721,2026-08-03 18:12:23,C0079,P034,5,38663.96,5,193319.8,9665.99,183653.81,139245.0,295.05,2423.79,41689.97,Completed,22.7,Profit,Low Discount
O00722,2026-07-29 14:33:11,C0010,P050,5,35590.05,10,177950.25,17795.03,160155.22,138652.15,423.42,3698.71,17380.95,Completed,10.85,Profit,Medium Discount
O00723,2026-07-09 04:16:41,C0001,P047,5,24905.73,10,124528.65,12452.86,112075.78,93799.05,406.91,1615.03,16254.79,Completed,14.5,Profit,Medium Discount
O00724,2026-05-20 07:58:14,C0023,P026,5,3524.72,25,17623.6,4405.9,13217.7,13818.2,479.13,225.32,-1304.95,Completed,-9.87,Loss,High Discount
O00725,2026-06-29 22:16:53,C0055,P027,1,10161.47,15,10161.47,1524.22,8637.25,7415.76,276.66,229.6,715.23,Completed,8.28,Profit,Medium Discount
O00726,2026-05-25 07:39:16,C0038,P016,5,6487.76,5,32438.8,1621.94,30816.86,27864.95,332.45,426.52,2192.94,Completed,7.12,Profit,Low Discount
O00727,2026-06-16 07:20:18,C0041,P041,3,33978.49,15,101935.47,15290.32,86645.15,85505.31,363.45,2467.78,-1691.39,Completed,-1.95,Loss,Medium Discount
O00728,2026-06-10 06:35:32,C0061,P014,4,9054.92,10,36219.68,3621.97,32597.71,24623.16,210.18,422.8,7341.57,Completed,22.52,Profit,Medium Discount
O00729,2026-06-17 03:44:34,C0100,P021,4,57718.84,0,230875.36,0.0,230875.36,181440.24,138.51,3405.33,45891.28,Completed,19.88,Profit,No Discount
O00730,2026-05-28 00:34:37,C0064,P012,1,70135.64,10,70135.64,7013.56,63122.08,45764.99,391.69,1530.92,15434.48,Completed,24.45,Profit,Medium Discount
O00731,2026-07-30 18:37:38,C0059,P050,2,35590.05,0,71180.1,0.0,71180.1,55460.86,99.44,1969.82,13649.98,Completed,19.18,Profit,No Discount
O00732,2026-06-25 00:15:23,C0087,P022,2,753.69,5,1507.38,75.37,1432.01,1092.44,75.08,31.79,232.7,Completed,16.25,Profit,Low Discount
O00733,2026-08-08 17:50:52,C0038,P041,5,33978.49,10,169892.45,16989.24,152903.2,142508.85,143.18,3192.54,7058.63,Completed,4.62,Profit,Medium Discount
O00734,2026-07-05 17:33:23,C0057,P002,1,36560.51,5,36560.51,1828.03,34732.48,25808.88,415.55,585.48,7922.57,Completed,22.81,Profit,Low Discount
O00735,2026-08-04 20:40:47,C0050,P048,2,4611.21,15,9222.42,1383.36,7839.06,7413.44,296.0,217.06,-87.44,Completed,-1.12,Loss,Medium Discount
O00736,2026-05-16 21:08:32,C0017,P018,2,5164.57,0,10329.14,0.0,10329.14,8067.2,462.42,171.02,1628.5,Completed,15.77,Profit,No Discount
O00737,2026-07-19 14:55:12,C0049,P029,4,44167.07,25,176668.28,44167.07,132501.21,126999.12,382.07,2908.21,2211.81,Cancelled,1.67,Profit,High Discount
O00738,2026-08-09 04:14:00,C0009,P013,3,48575.8,10,145727.4,14572.74,131154.66,100524.87,152.14,3262.88,27214.77,Cancelled,20.75,Profit,Medium Discount
O00739,2026-07-08 10:47:41,C0089,P026,2,3524.72,5,7049.44,352.47,6696.97,5527.28,330.91,178.06,660.72,Completed,9.87,Profit,Low Discount
O00740,2026-06-30 14:56:35,C0097,P042,3,60982.04,10,182946.12,18294.61,164651.51,135971.16,392.98,4319.82,23967.55,Completed,14.56,Profit,Medium Discount
O00741,2026-06-25 21:23:48,C0049,P026,3,3524.72,25,10574.16,2643.54,7930.62,8290.92,406.08,174.69,-941.07,Completed,-11.87,Loss,High Discount
O00742,2026-05-22 00:45:53,C0100,P016,5,6487.76,15,32438.8,4865.82,27572.98,27864.95,250.68,286.77,-829.42,Completed,-3.01,Loss,Medium Discount
O00743,2026-06-03 23:33:33,C0016,P008,5,21730.36,10,108651.8,10865.18,97786.62,82007.25,328.64,1917.19,13533.54,Completed,13.84,Profit,Medium Discount
O00744,2026-07-06 02:30:41,C0078,P043,2,16032.71,5,32065.42,1603.27,30462.15,23326.46,181.36,760.71,6193.62,Completed,20.33,Profit,Low Discount
O00745,2026-06-20 21:28:02,C0063,P003,4,10250.36,10,41001.44,4100.14,36901.3,34768.4,228.1,821.53,1083.27,Completed,2.94,Profit,Medium Discount
O00746,2026-07-16 05:18:08,C0049,P012,2,70135.64,10,140271.28,14027.13,126244.15,91529.98,368.28,1899.15,32446.74,Completed,25.7,Profit,Medium Discount
O00747,2026-07-29 05:06:02,C0026,P021,4,57718.84,10,230875.36,23087.54,207787.82,181440.24,74.2,2169.66,24103.72,Completed,11.6,Profit,Medium Discount
O00748,2026-07-04 04:02:00,C0077,P023,1,17155.13,15,17155.13,2573.27,14581.86,13616.73,297.8,190.48,476.85,Completed,3.27,Profit,Medium Discount
O00749,2026-07-16 11:46:05,C0003,P012,2,70135.64,20,140271.28,28054.26,112217.02,91529.98,238.23,1816.6,18632.21,Cancelled,16.6,Profit,High Discount
O00750,2026-06-28 16:29:25,C0006,P013,4,48575.8,0,194303.2,0.0,194303.2,134033.16,197.53,5113.07,54959.44,Completed,28.29,Profit,No Discount
O00751,2026-07-29 13:21:59,C0051,P040,3,30510.63,5,91531.89,4576.59,86955.3,74387.73,441.34,1022.83,11103.4,Completed,12.77,Profit,Low Discount
O00752,2026-05-21 18:43:27,C0059,P005,3,57603.46,5,172810.38,8640.52,164169.86,136452.48,422.45,4070.98,23223.95,Completed,14.15,Profit,Low Discount
O00753,2026-06-05 12:47:07,C0009,P015,3,52959.23,0,158877.69,0.0,158877.69,115782.51,145.29,1720.64,41229.25,Completed,25.95,Profit,No Discount
O00754,2026-06-11 16:44:47,C0011,P038,2,7609.77,15,15219.54,2282.93,12936.61,10506.56,245.93,375.97,1808.15,Completed,13.98,Profit,Medium Discount
O00755,2026-07-09 02:14:05,C0012,P038,4,7609.77,0,30439.08,0.0,30439.08,21013.12,289.5,804.59,8331.87,Completed,27.37,Profit,No Discount
O00756,2026-05-29 11:44:35,C0067,P031,3,16534.23,10,49602.69,4960.27,44642.42,34438.47,75.79,602.31,9525.85,Completed,21.34,Profit,Medium Discount
O00757,2026-06-13 17:37:00,C0085,P022,1,753.69,25,753.69,188.42,565.27,546.22,377.43,16.08,-374.46,Completed,-66.24,Loss,High Discount
O00758,2026-06-28 07:20:41,C0098,P006,5,14835.37,15,74176.85,11126.53,63050.32,52777.45,330.52,1390.22,8552.13,Completed,13.56,Profit,Medium Discount
O00759,2026-08-10 06:58:53,C0008,P011,4,53636.0,10,214544.0,21454.4,193089.6,142499.32,138.9,5040.31,45411.07,Completed,23.52,Profit,Medium Discount
O00760,2026-07-23 13:30:02,C0093,P042,4,60982.04,10,243928.16,24392.82,219535.34,181294.88,435.2,5488.18,32317.08,Completed,14.72,Profit,Medium Discount
O00761,2026-07-02 19:55:14,C0050,P030,4,3158.31,20,12633.24,2526.65,10106.59,8922.4,276.07,167.34,740.78,Completed,7.33,Profit,High Discount
O00762,2026-05-28 13:24:12,C0061,P044,4,14190.49,20,56761.96,11352.39,45409.57,36080.44,68.42,499.2,8761.51,Completed,19.29,Profit,High Discount
O00763,2026-05-19 13:43:51,C0038,P024,3,4338.48,0,13015.44,0.0,13015.44,10294.89,487.61,265.0,1967.94,Completed,15.12,Profit,No Discount
O00764,2026-07-16 22:31:06,C0039,P024,1,4338.48,10,4338.48,433.85,3904.63,3431.63,83.7,47.34,341.96,Completed,8.76,Profit,Medium Discount
O00765,2026-07-14 21:14:02,C0048,P042,3,60982.04,5,182946.12,9147.31,173798.81,135971.16,422.59,3051.89,34353.17,Pending,19.77,Profit,Low Discount
O00766,2026-08-02 08:59:46,C0025,P011,2,53636.0,10,107272.0,10727.2,96544.8,71249.66,241.23,1704.76,23349.15,Completed,24.18,Profit,Medium Discount
O00767,2026-06-09 00:03:49,C0071,P040,1,30510.63,15,30510.63,4576.59,25934.04,24795.91,168.08,478.07,491.98,Completed,1.9,Profit,Medium Discount
O00768,2026-07-24 16:22:26,C0035,P050,5,35590.05,10,177950.25,17795.03,160155.22,138652.15,199.59,2612.24,18691.25,Completed,11.67,Profit,Medium Discount
O00769,2026-06-01 03:30:29,C0044,P010,4,73897.59,25,295590.36,73897.59,221692.77,197387.88,440.85,4720.46,19143.58,Completed,8.64,Profit,High Discount
O00770,2026-06-15 22:33:38,C0013,P040,1,30510.63,5,30510.63,1525.53,28985.1,24795.91,333.85,553.99,3301.35,Completed,11.39,Profit,Low Discount
O00771,2026-07-09 06:00:29,C0023,P016,1,6487.76,0,6487.76,0.0,6487.76,5572.99,238.61,79.58,596.58,Completed,9.2,Profit,No Discount
O00772,2026-05-18 02:19:26,C0005,P026,5,3524.72,5,17623.6,881.18,16742.42,13818.2,149.14,339.97,2435.11,Completed,14.54,Profit,Low Discount
O00773,2026-07-09 09:17:57,C0076,P002,3,36560.51,15,109681.53,16452.23,93229.3,77426.64,289.77,2537.08,12975.81,Completed,13.92,Profit,Medium Discount
O00774,2026-06-25 09:08:50,C0007,P026,2,3524.72,10,7049.44,704.94,6344.5,5527.28,106.75,137.26,573.21,Completed,9.03,Profit,Medium Discount
O00775,2026-05-25 19:39:12,C0032,P015,5,52959.23,10,264796.15,26479.62,238316.54,192970.85,136.38,5811.27,39398.04,Completed,16.53,Profit,Medium Discount
O00776,2026-06-07 14:03:02,C0050,P015,2,52959.23,10,105918.46,10591.85,95326.61,77188.34,351.39,1720.4,16066.48,Completed,16.85,Profit,Medium Discount
O00777,2026-08-06 11:04:39,C0015,P048,4,4611.21,15,18444.84,2766.73,15678.11,14826.88,263.37,227.58,360.28,Completed,2.3,Profit,Medium Discount
O00778,2026-08-13 09:44:27,C0037,P023,5,17155.13,10,85775.65,8577.56,77198.09,68083.65,163.64,1455.69,7495.11,Completed,9.71,Profit,Medium Discount
O00779,2026-05-27 18:50:37,C0077,P023,3,17155.13,5,51465.39,2573.27,48892.12,40850.19,396.08,905.0,6740.85,Completed,13.79,Profit,Low Discount
O00780,2026-06-30 13:42:42,C0053,P042,1,60982.04,0,60982.04,0.0,60982.04,45323.72,221.96,977.92,14458.44,Completed,23.71,Profit,No Discount
O00781,2026-05-28 04:10:34,C0009,P012,5,70135.64,20,350678.2,70135.64,280542.56,228824.95,224.59,7460.0,44033.02,Completed,15.7,Profit,High Discount
O00782,2026-07-18 15:43:59,C0098,P013,2,48575.8,10,97151.6,9715.16,87436.44,67016.58,415.88,1047.89,18956.09,Completed,21.68,Profit,Medium Discount
O00783,2026-08-05 13:29:39,C0053,P033,1,39743.89,15,39743.89,5961.58,33782.31,27164.11,468.23,476.2,5673.77,Completed,16.8,Profit,Medium Discount
O00784,2026-05-31 17:14:20,C0038,P015,5,52959.23,5,264796.15,13239.81,251556.34,192970.85,159.02,3539.34,54887.13,Pending,21.82,Profit,Low Discount
O00785,2026-07-04 03:45:33,C0095,P018,4,5164.57,25,20658.28,5164.57,15493.71,16134.4,219.74,403.41,-1263.84,Completed,-8.16,Loss,High Discount
O00786,2026-07-25 08:16:01,C0061,P018,3,5164.57,20,15493.71,3098.74,12394.97,12100.8,148.45,204.82,-59.1,Completed,-0.48,Loss,High Discount
O00787,2026-06-14 02:32:49,C0004,P029,1,44167.07,0,44167.07,0.0,44167.07,31749.78,159.14,699.34,11558.81,Cancelled,26.17,Profit,No Discount
O00788,2026-07-05 04:13:04,C0069,P034,2,38663.96,5,77327.92,3866.4,73461.52,55698.0,348.68,908.33,16506.51,Pending,22.47,Profit,Low Discount
O00789,2026-07-24 06:11:18,C0088,P035,2,54528.17,15,109056.34,16358.45,92697.89,88310.58,57.5,1555.37,2774.44,Completed,2.99,Profit,Medium Discount
O00790,2026-06-12 07:35:11,C0004,P049,3,24913.36,10,74740.08,7474.01,67266.07,48789.09,277.09,682.55,17517.34,Completed,26.04,Profit,Medium Discount
O00791,2026-06-26 02:37:22,C0095,P047,3,24905.73,10,74717.19,7471.72,67245.47,56279.43,435.58,1300.36,9230.1,Completed,13.73,Profit,Medium Discount
O00792,2026-08-05 19:30:28,C0057,P047,5,24905.73,20,124528.65,24905.73,99622.92,93799.05,255.6,1942.86,3625.41,Completed,3.64,Profit,High Discount
O00793,2026-07-02 14:45:56,C0036,P003,1,10250.36,0,10250.36,0.0,10250.36,8692.1,438.33,201.02,918.91,Completed,8.96,Profit,No Discount
O00794,2026-07-01 14:48:43,C0055,P021,4,57718.84,20,230875.36,46175.07,184700.29,181440.24,141.8,4899.97,-1781.72,Completed,-0.96,Loss,High Discount
O00795,2026-06-09 10:23:40,C0079,P023,4,17155.13,5,68620.52,3431.03,65189.49,54466.92,230.76,1307.38,9184.43,Completed,14.09,Profit,Low Discount
O00796,2026-06-30 02:50:59,C0019,P030,5,3158.31,0,15791.55,0.0,15791.55,11153.0,108.08,251.99,4278.48,Completed,27.09,Profit,No Discount
O00797,2026-07-09 07:00:03,C0044,P007,1,63520.31,0,63520.31,0.0,63520.31,44762.4,199.73,1829.29,16728.89,Completed,26.34,Profit,No Discount
O00798,2026-05-30 19:30:01,C0010,P032,2,39676.81,5,79353.62,3967.68,75385.94,51968.04,73.62,1432.69,21911.59,Completed,29.07,Profit,Low Discount
O00799,2026-06-23 00:16:49,C0091,P021,1,57718.84,15,57718.84,8657.83,49061.01,45360.06,176.82,671.45,2852.68,Completed,5.81,Profit,Medium Discount
O00800,2026-06-04 06:36:52,C0009,P017,5,42246.44,0,211232.2,0.0,211232.2,174183.5,134.96,3863.05,33050.69,Cancelled,15.65,Profit,No Discount
O00801,2026-08-14 06:34:07,C0043,P019,4,58038.98,10,232155.92,23215.59,208940.33,161777.56,100.37,4636.41,42425.99,Completed,20.31,Profit,Medium Discount
O00802,2026-07-13 23:06:40,C0043,P049,4,24913.36,10,99653.44,9965.34,89688.1,65052.12,225.14,2488.71,21922.13,Cancelled,24.44,Profit,Medium Discount
O00803,2026-07-05 02:44:50,C0058,P027,5,10161.47,20,50807.35,10161.47,40645.88,37078.8,75.76,1163.28,2328.04,Completed,5.73,Profit,High Discount
O00804,2026-07-28 05:26:52,C0054,P025,4,12111.87,5,48447.48,2422.37,46025.11,30298.92,262.51,758.8,14704.88,Pending,31.95,Profit,Low Discount
O00805,2026-08-10 03:26:20,C0019,P033,1,39743.89,10,39743.89,3974.39,35769.5,27164.11,419.27,638.32,7547.8,Completed,21.1,Profit,Medium Discount
O00806,2026-05-30 00:32:51,C0025,P045,5,62341.11,5,311705.55,15585.28,296120.27,232151.3,192.41,3476.26,60300.3,Completed,20.36,Profit,Low Discount
O00807,2026-08-08 15:47:20,C0055,P048,3,4611.21,5,13833.63,691.68,13141.95,11120.16,206.24,340.16,1475.39,Completed,11.23,Profit,Low Discount
O00808,2026-05-23 13:07:46,C0019,P019,2,58038.98,25,116077.96,29019.49,87058.47,80888.78,291.89,895.3,4982.5,Completed,5.72,Profit,High Discount
O00809,2026-06-12 14:09:48,C0063,P036,3,65042.97,15,195128.91,29269.34,165859.57,127091.16,497.94,2612.33,35658.14,Completed,21.5,Profit,Medium Discount
O00810,2026-07-30 18:55:25,C0081,P039,4,35994.24,0,143976.96,0.0,143976.96,90126.08,75.07,1811.87,51963.94,Completed,36.09,Profit,No Discount
O00811,2026-08-01 11:18:29,C0068,P024,5,4338.48,5,21692.4,1084.62,20607.78,17158.15,294.7,492.51,2662.42,Completed,12.92,Profit,Low Discount
O00812,2026-08-07 17:23:07,C0057,P019,4,58038.98,0,232155.92,0.0,232155.92,161777.56,433.33,6115.87,63829.16,Completed,27.49,Profit,No Discount
O00813,2026-06-26 01:20:46,C0001,P015,4,52959.23,5,211836.92,10591.85,201245.07,154376.68,64.58,3364.19,43439.62,Completed,21.59,Profit,Low Discount
O00814,2026-06-18 18:25:37,C0027,P019,5,58038.98,15,290194.9,43529.24,246665.67,202221.95,157.23,3573.61,40712.88,Completed,16.51,Profit,Medium Discount
O00815,2026-08-01 05:58:29,C0047,P032,4,39676.81,10,158707.24,15870.72,142836.52,103936.08,430.16,1655.78,36814.5,Completed,25.77,Profit,Medium Discount
O00816,2026-07-05 01:34:29,C0039,P049,5,24913.36,5,124566.8,6228.34,118338.46,81315.15,252.55,3374.6,33396.16,Completed,28.22,Profit,Low Discount
O00817,2026-06-11 17:01:03,C0036,P018,4,5164.57,10,20658.28,2065.83,18592.45,16134.4,227.52,508.34,1722.19,Completed,9.26,Profit,Medium Discount
O00818,2026-08-04 10:28:44,C0051,P035,2,54528.17,5,109056.34,5452.82,103603.52,88310.58,206.62,2891.69,12194.63,Pending,11.77,Profit,Low Discount
O00819,2026-05-17 00:26:15,C0025,P028,4,23427.95,0,93711.8,0.0,93711.8,74435.16,127.86,1437.11,17711.67,Completed,18.9,Profit,No Discount
O00820,2026-06-13 05:31:22,C0038,P004,1,1247.78,5,1247.78,62.39,1185.39,995.12,192.03,23.49,-25.25,Completed,-2.13,Loss,Low Discount
O00821,2026-07-26 06:16:54,C0050,P042,4,60982.04,25,243928.16,60982.04,182946.12,181294.88,235.0,3456.63,-2040.39,Completed,-1.12,Loss,High Discount
O00822,2026-06-14 18:08:44,C0017,P004,1,1247.78,15,1247.78,187.17,1060.61,995.12,323.3,12.49,-270.3,Completed,-25.49,Loss,Medium Discount
O00823,2026-08-06 01:55:14,C0070,P050,5,35590.05,15,177950.25,26692.54,151257.71,138652.15,144.94,4058.61,8402.01,Completed,5.55,Profit,Medium Discount
O00824,2026-07-12 18:07:27,C0050,P037,2,5368.01,5,10736.02,536.8,10199.22,8780.34,472.02,240.12,706.74,Completed,6.93,Profit,Low Discount
O00825,2026-07-12 01:46:46,C0076,P029,1,44167.07,10,44167.07,4416.71,39750.36,31749.78,295.16,497.39,7208.03,Completed,18.13,Profit,Medium Discount
O00826,2026-07-19 20:14:01,C0017,P006,3,14835.37,10,44506.11,4450.61,40055.5,31666.47,366.81,574.76,7447.46,Completed,18.59,Profit,Medium Discount
O00827,2026-07-03 07:24:17,C0024,P038,4,7609.77,20,30439.08,6087.82,24351.26,21013.12,238.26,459.94,2639.94,Completed,10.84,Profit,High Discount
O00828,2026-08-08 18:39:48,C0048,P035,4,54528.17,10,218112.68,21811.27,196301.41,176621.16,91.17,4894.2,14694.88,Completed,7.49,Profit,Medium Discount
O00829,2026-05-31 04:42:45,C0006,P017,4,42246.44,5,168985.76,8449.29,160536.47,139346.8,77.41,3857.9,17254.36,Completed,10.75,Profit,Low Discount
O00830,2026-06-29 02:59:28,C0052,P002,4,36560.51,0,146242.04,0.0,146242.04,103235.52,439.8,2761.59,39805.13,Completed,27.22,Profit,No Discount
O00831,2026-07-08 01:26:38,C0067,P035,4,54528.17,10,218112.68,21811.27,196301.41,176621.16,377.16,4683.44,14619.65,Pending,7.45,Profit,Medium Discount
O00832,2026-07-02 19:03:27,C0041,P045,4,62341.11,10,249364.44,24936.44,224428.0,185721.04,256.08,4025.29,34425.59,Completed,15.34,Profit,Medium Discount
O00833,2026-06-19 06:39:26,C0045,P035,3,54528.17,5,163584.51,8179.23,155405.28,132465.87,283.23,3798.78,18857.4,Completed,12.13,Profit,Low Discount
O00834,2026-06-18 01:06:05,C0010,P042,4,60982.04,10,243928.16,24392.82,219535.34,181294.88,73.02,3217.77,34949.67,Completed,15.92,Profit,Medium Discount
O00835,2026-07-09 08:31:15,C0066,P006,1,14835.37,0,14835.37,0.0,14835.37,10555.49,343.61,164.0,3772.27,Completed,25.43,Profit,No Discount
O00836,2026-07-29 20:04:56,C0012,P007,1,63520.31,10,63520.31,6352.03,57168.28,44762.4,123.6,919.41,11362.87,Completed,19.88,Profit,Medium Discount
O00837,2026-07-08 12:44:38,C0038,P002,4,36560.51,0,146242.04,0.0,146242.04,103235.52,339.76,3902.69,38764.07,Completed,26.51,Profit,No Discount
O00838,2026-06-22 09:25:24,C0052,P033,2,39743.89,10,79487.78,7948.78,71539.0,54328.22,65.47,1629.61,15515.7,Completed,21.69,Profit,Medium Discount
O00839,2026-06-29 23:29:24,C0094,P031,2,16534.23,5,33068.46,1653.42,31415.04,22958.98,244.4,941.85,7269.81,Completed,23.14,Profit,Low Discount
O00840,2026-06-17 00:15:21,C0016,P038,3,7609.77,10,22829.31,2282.93,20546.38,15759.84,285.89,479.53,4021.12,Completed,19.57,Profit,Medium Discount
O00841,2026-08-09 04:46:44,C0069,P028,5,23427.95,0,117139.75,0.0,117139.75,93043.95,384.03,2678.06,21033.71,Completed,17.96,Profit,No Discount
O00842,2026-06-04 02:03:07,C0027,P026,2,3524.72,20,7049.44,1409.89,5639.55,5527.28,110.09,100.01,-97.83,Completed,-1.73,Loss,High Discount
O00843,2026-07-23 11:44:57,C0053,P015,2,52959.23,10,105918.46,10591.85,95326.61,77188.34,307.48,2730.82,15099.97,Completed,15.84,Profit,Medium Discount
O00844,2026-06-08 22:55:03,C0051,P039,4,35994.24,10,143976.96,14397.7,129579.26,90126.08,405.09,2858.24,36189.85,Completed,27.93,Profit,Medium Discount
O00845,2026-07-11 06:50:43,C0058,P011,3,53636.0,5,160908.0,8045.4,152862.6,106874.49,233.55,2591.88,43162.68,Completed,28.24,Profit,Low Discount
O00846,2026-06-22 22:50:49,C0036,P011,2,53636.0,20,107272.0,21454.4,85817.6,71249.66,281.4,1783.62,12502.92,Completed,14.57,Profit,High Discount
O00847,2026-06-08 10:42:00,C0001,P025,3,12111.87,10,36335.61,3633.56,32702.05,22724.19,67.98,563.98,9345.9,Completed,28.58,Profit,Medium Discount
O00848,2026-08-07 21:06:54,C0064,P010,5,73897.59,20,369487.95,73897.59,295590.36,246734.85,258.63,7592.36,41004.52,Cancelled,13.87,Profit,High Discount
O00849,2026-07-31 01:36:35,C0076,P036,5,65042.97,0,325214.85,0.0,325214.85,211818.6,487.66,5594.09,107314.5,Completed,33.0,Profit,No Discount
O00850,2026-06-25 15:38:08,C0090,P021,5,57718.84,15,288594.2,43289.13,245305.07,226800.3,188.12,2733.16,15583.49,Completed,6.35,Profit,Medium Discount
O00851,2026-05-21 00:09:57,C0015,P016,1,6487.76,0,6487.76,0.0,6487.76,5572.99,112.86,157.75,644.16,Pending,9.93,Profit,No Discount
O00852,2026-06-16 15:51:53,C0080,P043,5,16032.71,20,80163.55,16032.71,64130.84,58316.15,381.57,1283.95,4149.17,Completed,6.47,Profit,High Discount
O00853,2026-07-28 01:44:56,C0046,P025,3,12111.87,5,36335.61,1816.78,34518.83,22724.19,250.77,808.89,10734.98,Completed,31.1,Profit,Low Discount
O00854,2026-07-01 16:34:29,C0072,P021,4,57718.84,10,230875.36,23087.54,207787.82,181440.24,322.59,4703.82,21321.17,Completed,10.26,Profit,Medium Discount
O00855,2026-07-24 05:45:37,C0009,P015,2,52959.23,15,105918.46,15887.77,90030.69,77188.34,377.35,2466.15,9998.85,Completed,11.11,Profit,Medium Discount
O00856,2026-08-13 10:54:24,C0037,P022,1,753.69,15,753.69,113.05,640.64,546.22,57.87,7.03,29.52,Completed,4.61,Profit,Medium Discount
O00857,2026-08-03 13:10:48,C0014,P033,1,39743.89,5,39743.89,1987.19,37756.7,27164.11,318.36,584.63,9689.6,Completed,25.66,Profit,Low Discount
O00858,2026-06-22 18:47:35,C0051,P049,3,24913.36,15,74740.08,11211.01,63529.07,48789.09,372.03,1508.11,12859.84,Cancelled,20.24,Profit,Medium Discount
O00859,2026-06-23 06:05:20,C0042,P036,1,65042.97,0,65042.97,0.0,65042.97,42363.72,108.44,1530.07,21040.74,Completed,32.35,Profit,No Discount
O00860,2026-07-20 04:58:02,C0001,P023,2,17155.13,10,34310.26,3431.03,30879.23,27233.46,204.49,511.71,2929.57,Completed,9.49,Profit,Medium Discount
O00861,2026-08-01 16:52:16,C0058,P006,5,14835.37,15,74176.85,11126.53,63050.32,52777.45,366.47,1682.76,8223.64,Completed,13.04,Profit,Medium Discount
O00862,2026-08-04 10:56:26,C0037,P020,4,57264.84,10,229059.36,22905.94,206153.42,176749.44,191.37,6011.31,23201.3,Completed,11.25,Profit,Medium Discount
O00863,2026-07-19 01:46:28,C0094,P041,3,33978.49,15,101935.47,15290.32,86645.15,85505.31,129.15,1274.35,-263.66,Completed,-0.3,Loss,Medium Discount
O00864,2026-05-31 12:53:28,C0026,P013,1,48575.8,0,48575.8,0.0,48575.8,33508.29,464.51,1434.04,13168.96,Completed,27.11,Profit,No Discount
O00865,2026-07-03 20:39:34,C0016,P017,3,42246.44,5,126739.32,6336.97,120402.35,104510.1,120.54,2849.75,12921.96,Completed,10.73,Profit,Low Discount
O00866,2026-05-20 08:43:20,C0079,P026,3,3524.72,20,10574.16,2114.83,8459.33,8290.92,467.61,112.58,-411.78,Completed,-4.87,Loss,High Discount
O00867,2026-05-29 00:38:07,C0098,P039,1,35994.24,5,35994.24,1799.71,34194.53,22531.52,304.07,514.51,10844.43,Cancelled,31.71,Profit,Low Discount
O00868,2026-07-04 12:53:00,C0007,P049,2,24913.36,0,49826.72,0.0,49826.72,32526.06,476.28,703.18,16121.2,Completed,32.35,Profit,No Discount
O00869,2026-07-13 01:40:49,C0032,P004,4,1247.78,10,4991.12,499.11,4492.01,3980.48,475.57,105.73,-69.77,Completed,-1.55,Loss,Medium Discount
O00870,2026-06-18 00:03:50,C0056,P035,4,54528.17,0,218112.68,0.0,218112.68,176621.16,97.1,4026.11,37368.31,Completed,17.13,Profit,No Discount
O00871,2026-08-09 05:00:32,C0051,P022,3,753.69,15,2261.07,339.16,1921.91,1638.66,428.01,40.17,-184.93,Completed,-9.62,Loss,Medium Discount
O00872,2026-05-26 12:19:36,C0052,P018,2,5164.57,0,10329.14,0.0,10329.14,8067.2,214.65,150.68,1896.61,Completed,18.36,Profit,No Discount
O00873,2026-08-09 15:28:17,C0044,P039,5,35994.24,0,179971.2,0.0,179971.2,112657.6,255.01,5006.7,62051.89,Completed,34.48,Profit,No Discount
O00874,2026-08-06 19:32:41,C0073,P031,1,16534.23,0,16534.23,0.0,16534.23,11479.49,361.3,388.32,4305.12,Pending,26.04,Profit,No Discount
O00875,2026-06-28 12:26:53,C0099,P039,2,35994.24,5,71988.48,3599.42,68389.06,45063.04,409.35,830.28,22086.39,Completed,32.3,Profit,Low Discount
O00876,2026-05-26 10:48:19,C0082,P016,4,6487.76,10,25951.04,2595.1,23355.94,22291.96,243.56,438.05,382.37,Completed,1.64,Profit,Medium Discount
O00877,2026-07-06 20:00:54,C0081,P042,2,60982.04,20,121964.08,24392.82,97571.26,90647.44,478.78,1442.75,5002.29,Completed,5.13,Profit,High Discount
O00878,2026-08-13 03:56:35,C0100,P036,2,65042.97,5,130085.94,6504.3,123581.64,84727.44,460.49,2800.8,35592.91,Completed,28.8,Profit,Low Discount
O00879,2026-06-30 03:10:47,C0015,P006,2,14835.37,0,29670.74,0.0,29670.74,21110.98,218.89,668.63,7672.24,Completed,25.86,Profit,No Discount
O00880,2026-05-18 06:13:21,C0044,P039,3,35994.24,15,107982.72,16197.41,91785.31,67594.56,232.34,2012.01,21946.4,Completed,23.91,Profit,Medium Discount
O00881,2026-07-25 21:52:35,C0045,P042,2,60982.04,20,121964.08,24392.82,97571.26,90647.44,129.81,989.46,5804.55,Completed,5.95,Profit,High Discount
O00882,2026-05-30 18:22:00,C0077,P004,1,1247.78,25,1247.78,311.94,935.84,995.12,462.12,18.77,-540.17,Completed,-57.72,Loss,High Discount
O00883,2026-06-25 13:46:46,C0069,P031,5,16534.23,25,82671.15,20667.79,62003.36,57397.45,123.68,991.34,3490.89,Completed,5.63,Profit,High Discount
O00884,2026-08-09 07:52:52,C0076,P029,3,44167.07,5,132501.21,6625.06,125876.15,95249.34,167.3,1491.7,28967.81,Completed,23.01,Profit,Low Discount
O00885,2026-07-19 08:12:40,C0003,P046,4,19668.85,10,78675.4,7867.54,70807.86,59454.2,124.94,2104.66,9124.06,Completed,12.89,Profit,Medium Discount
O00886,2026-05-31 18:08:52,C0009,P002,5,36560.51,0,182802.55,0.0,182802.55,129044.4,346.08,4487.72,48924.35,Completed,26.76,Profit,No Discount
O00887,2026-05-24 00:49:21,C0096,P018,5,5164.57,15,25822.85,3873.43,21949.42,20168.0,250.65,530.55,1000.22,Completed,4.56,Profit,Medium Discount
O00888,2026-07-01 08:27:09,C0043,P025,2,12111.87,10,24223.74,2422.37,21801.37,15149.46,81.81,375.66,6194.44,Completed,28.41,Profit,Medium Discount
O00889,2026-07-31 15:32:46,C0013,P003,2,10250.36,10,20500.72,2050.07,18450.65,17384.2,436.52,311.73,318.2,Completed,1.72,Profit,Medium Discount
O00890,2026-06-11 12:00:29,C0049,P042,4,60982.04,10,243928.16,24392.82,219535.34,181294.88,321.94,4961.58,32956.94,Completed,15.01,Profit,Medium Discount
O00891,2026-06-18 15:21:54,C0085,P036,4,65042.97,0,260171.88,0.0,260171.88,169454.88,443.09,3832.2,86441.71,Completed,33.22,Profit,No Discount
O00892,2026-07-16 06:45:35,C0030,P008,2,21730.36,0,43460.72,0.0,43460.72,32802.9,481.89,1174.81,9001.12,Completed,20.71,Profit,No Discount
O00893,2026-07-23 00:34:44,C0005,P011,3,53636.0,0,160908.0,0.0,160908.0,106874.49,58.99,3496.86,50477.66,Completed,31.37,Profit,No Discount
O00894,2026-06-24 08:39:48,C0050,P042,5,60982.04,10,304910.2,30491.02,274419.18,226618.6,373.13,5173.86,42253.59,Completed,15.4,Profit,Medium Discount
O00895,2026-07-18 20:41:21,C0016,P023,2,17155.13,0,34310.26,0.0,34310.26,27233.46,208.27,645.16,6223.37,Completed,18.14,Profit,No Discount
O00896,2026-05-24 13:36:30,C0049,P026,5,3524.72,5,17623.6,881.18,16742.42,13818.2,440.16,391.53,2092.53,Completed,12.5,Profit,Low Discount
O00897,2026-08-07 11:13:02,C0018,P050,5,35590.05,10,177950.25,17795.03,160155.22,138652.15,211.43,4790.71,16500.94,Completed,10.3,Profit,Medium Discount
O00898,2026-06-17 16:04:24,C0065,P049,2,24913.36,20,49826.72,9965.34,39861.38,32526.06,410.37,758.27,6166.68,Completed,15.47,Profit,High Discount
O00899,2026-08-07 12:33:34,C0027,P041,4,33978.49,0,135913.96,0.0,135913.96,114007.08,258.77,2027.34,19620.77,Cancelled,14.44,Profit,No Discount
O00900,2026-07-21 05:49:37,C0022,P006,2,14835.37,10,29670.74,2967.07,26703.67,21110.98,334.19,557.01,4701.49,Completed,17.61,Profit,Medium Discount
O00901,2026-08-08 04:52:21,C0071,P040,2,30510.63,20,61021.26,12204.25,48817.01,49591.82,256.42,665.5,-1696.73,Completed,-3.48,Loss,High Discount
O00902,2026-07-07 13:53:25,C0009,P015,4,52959.23,10,211836.92,21183.69,190653.23,154376.68,466.96,4615.42,31194.17,Completed,16.36,Profit,Medium Discount
O00903,2026-06-22 15:56:46,C0003,P042,3,60982.04,15,182946.12,27441.92,155504.2,135971.16,178.43,3376.96,15977.65,Completed,10.27,Profit,Medium Discount
O00904,2026-06-16 12:20:03,C0073,P012,5,70135.64,25,350678.2,87669.55,263008.65,228824.95,180.25,5153.0,28850.45,Pending,10.97,Profit,High Discount
O00905,2026-07-16 15:00:29,C0092,P029,2,44167.07,0,88334.14,0.0,88334.14,63499.56,279.12,926.93,23628.53,Completed,26.75,Profit,No Discount
O00906,2026-07-25 13:11:35,C0024,P035,4,54528.17,25,218112.68,54528.17,163584.51,176621.16,410.24,4402.52,-17849.41,Completed,-10.91,Loss,High Discount
O00907,2026-08-10 22:20:32,C0015,P031,2,16534.23,20,33068.46,6613.69,26454.77,22958.98,214.75,319.38,2961.66,Completed,11.2,Profit,High Discount
O00908,2026-07-29 11:59:41,C0002,P024,2,4338.48,15,8676.96,1301.54,7375.42,6863.26,421.45,95.38,-4.67,Completed,-0.06,Loss,Medium Discount
O00909,2026-07-03 03:27:37,C0078,P025,1,12111.87,0,12111.87,0.0,12111.87,7574.73,334.89,338.9,3863.35,Completed,31.9,Profit,No Discount
O00910,2026-08-09 11:15:36,C0021,P001,5,27812.76,15,139063.8,20859.57,118204.23,108554.3,112.69,2411.91,7125.33,Completed,6.03,Profit,Medium Discount
O00911,2026-07-08 07:07:08,C0028,P045,1,62341.11,20,62341.11,12468.22,49872.89,46430.26,89.34,1432.84,1920.45,Completed,3.85,Profit,High Discount
O00912,2026-05-20 06:06:40,C0076,P002,5,36560.51,5,182802.55,9140.13,173662.42,129044.4,478.52,1909.8,42229.7,Completed,24.32,Profit,Low Discount
O00913,2026-07-15 17:14:42,C0088,P031,1,16534.23,5,16534.23,826.71,15707.52,11479.49,229.85,465.84,3532.34,Completed,22.49,Profit,Low Discount
O00914,2026-05-23 09:53:31,C0011,P023,1,17155.13,0,17155.13,0.0,17155.13,13616.73,305.09,491.41,2741.9,Completed,15.98,Profit,No Discount
O00915,2026-06-08 13:30:52,C0021,P005,4,57603.46,10,230413.84,23041.38,207372.46,181936.64,256.8,4143.17,21035.85,Completed,10.14,Profit,Medium Discount
O00916,2026-07-17 01:10:19,C0025,P002,1,36560.51,15,36560.51,5484.08,31076.43,25808.88,268.38,403.61,4595.56,Completed,14.79,Profit,Medium Discount
O00917,2026-07-22 05:13:36,C0051,P005,5,57603.46,5,288017.3,14400.86,273616.44,227420.8,323.5,3194.7,42677.43,Completed,15.6,Profit,Low Discount
O00918,2026-08-14 04:22:50,C0094,P005,2,57603.46,10,115206.92,11520.69,103686.23,90968.32,163.94,2703.5,9850.47,Completed,9.5,Profit,Medium Discount
O00919,2026-06-13 16:06:06,C0053,P020,5,57264.84,10,286324.2,28632.42,257691.78,220936.8,389.06,3259.65,33106.27,Completed,12.85,Profit,Medium Discount
O00920,2026-06-07 20:32:30,C0016,P050,4,35590.05,10,142360.2,14236.02,128124.18,110921.72,433.98,3475.12,13293.36,Completed,10.38,Profit,Medium Discount
O00921,2026-07-28 06:33:07,C0096,P024,4,4338.48,0,17353.92,0.0,17353.92,13726.52,374.0,208.65,3044.75,Completed,17.55,Profit,No Discount
O00922,2026-05-25 13:03:33,C0096,P050,4,35590.05,0,142360.2,0.0,142360.2,110921.72,173.37,2334.87,28930.24,Completed,20.32,Profit,No Discount
O00923,2026-06-27 21:41:13,C0082,P049,2,24913.36,20,49826.72,9965.34,39861.38,32526.06,317.11,499.95,6518.26,Completed,16.35,Profit,High Discount
O00924,2026-05-26 07:50:57,C0090,P018,5,5164.57,15,25822.85,3873.43,21949.42,20168.0,97.61,441.68,1242.13,Completed,5.66,Profit,Medium Discount
O00925,2026-07-29 14:15:00,C0017,P023,1,17155.13,5,17155.13,857.76,16297.37,13616.73,211.43,335.49,2133.72,Completed,13.09,Profit,Low Discount
O00926,2026-07-17 07:11:59,C0053,P039,5,35994.24,15,179971.2,26995.68,152975.52,112657.6,202.38,1699.35,38416.19,Completed,25.11,Profit,Medium Discount
O00927,2026-07-24 02:38:41,C0073,P033,5,39743.89,15,198719.45,29807.92,168911.53,135820.55,463.0,4757.72,27870.26,Completed,16.5,Profit,Medium Discount
O00928,2026-08-09 11:43:02,C0034,P020,1,57264.84,0,57264.84,0.0,57264.84,44187.36,157.48,1659.86,11260.14,Completed,19.66,Profit,No Discount
O00929,2026-05-26 12:39:32,C0090,P030,1,3158.31,0,3158.31,0.0,3158.31,2230.6,195.42,65.95,666.34,Completed,21.1,Profit,No Discount
O00930,2026-06-28 20:18:22,C0012,P035,1,54528.17,15,54528.17,8179.23,46348.94,44155.29,197.94,721.29,1274.42,Completed,2.75,Profit,Medium Discount
O00931,2026-06-01 22:07:05,C0006,P024,3,4338.48,15,13015.44,1952.32,11063.12,10294.89,142.69,267.57,357.97,Completed,3.24,Profit,Medium Discount
O00932,2026-07-23 03:36:00,C0003,P020,1,57264.84,15,57264.84,8589.73,48675.11,44187.36,475.39,1379.53,2632.83,Completed,5.41,Profit,Medium Discount
O00933,2026-06-14 20:16:00,C0026,P014,2,9054.92,20,18109.84,3621.97,14487.87,12311.58,208.64,354.28,1613.37,Completed,11.14,Profit,High Discount
O00934,2026-08-12 11:35:27,C0095,P029,2,44167.07,5,88334.14,4416.71,83917.43,63499.56,283.64,1232.53,18901.7,Completed,22.52,Profit,Low Discount
O00935,2026-05-19 13:54:44,C0024,P045,3,62341.11,5,187023.33,9351.17,177672.16,139290.78,465.48,3712.73,34203.17,Completed,19.25,Profit,Low Discount
O00936,2026-05-21 05:37:37,C0026,P009,4,19784.64,10,79138.56,7913.86,71224.7,56762.16,67.12,1750.19,12645.23,Completed,17.75,Profit,Medium Discount
O00937,2026-06-17 06:18:28,C0030,P028,3,23427.95,5,70283.85,3514.19,66769.66,55826.37,426.72,1823.21,8693.36,Completed,13.02,Profit,Low Discount
O00938,2026-08-02 01:36:32,C0094,P023,3,17155.13,0,51465.39,0.0,51465.39,40850.19,178.1,901.64,9535.46,Completed,18.53,Profit,No Discount
O00939,2026-05-22 05:13:39,C0026,P044,2,14190.49,10,28380.98,2838.1,25542.88,18040.22,337.26,612.71,6552.69,Completed,25.65,Profit,Medium Discount
O00940,2026-06-14 06:03:24,C0059,P026,3,3524.72,10,10574.16,1057.42,9516.74,8290.92,212.75,115.8,897.27,Completed,9.43,Profit,Medium Discount
O00941,2026-06-20 13:44:25,C0018,P050,2,35590.05,10,71180.1,7118.01,64062.09,55460.86,475.78,1383.45,6742.0,Completed,10.52,Profit,Medium Discount
O00942,2026-06-22 03:54:11,C0053,P039,4,35994.24,15,143976.96,21596.54,122380.42,90126.08,141.29,3048.81,29064.24,Pending,23.75,Profit,Medium Discount
O00943,2026-06-27 14:01:59,C0048,P022,5,753.69,0,3768.45,0.0,3768.45,2731.1,185.53,56.45,795.37,Completed,21.11,Profit,No Discount
O00944,2026-05-30 21:39:44,C0004,P028,1,23427.95,5,23427.95,1171.4,22256.55,18608.79,304.93,511.7,2831.13,Completed,12.72,Profit,Low Discount
O00945,2026-06-09 11:28:53,C0072,P049,1,24913.36,15,24913.36,3737.0,21176.36,16263.03,280.37,434.97,4197.99,Completed,19.82,Profit,Medium Discount
O00946,2026-07-07 08:10:03,C0100,P012,5,70135.64,5,350678.2,17533.91,333144.29,228824.95,375.38,6714.54,97229.42,Completed,29.19,Profit,Low Discount
O00947,2026-06-25 18:36:37,C0094,P028,4,23427.95,5,93711.8,4685.59,89026.21,74435.16,57.06,1531.43,13002.56,Completed,14.61,Profit,Low Discount
O00948,2026-07-10 17:10:05,C0027,P018,5,5164.57,0,25822.85,0.0,25822.85,20168.0,139.56,774.61,4740.68,Completed,18.36,Profit,No Discount
O00949,2026-07-21 23:10:13,C0086,P024,1,4338.48,20,4338.48,867.7,3470.78,3431.63,92.13,101.0,-153.98,Completed,-4.44,Loss,High Discount
O00950,2026-08-01 17:09:52,C0071,P023,5,17155.13,20,85775.65,17155.13,68620.52,68083.65,342.61,810.3,-616.04,Cancelled,-0.9,Loss,High Discount
O00951,2026-06-03 06:01:23,C0028,P018,2,5164.57,15,10329.14,1549.37,8779.77,8067.2,356.8,243.86,111.91,Completed,1.27,Profit,Medium Discount
O00952,2026-06-02 06:33:03,C0004,P027,4,10161.47,15,40645.88,6096.88,34549.0,29663.04,411.43,451.5,4023.03,Completed,11.64,Profit,Medium Discount
O00953,2026-06-02 18:24:05,C0047,P026,1,3524.72,15,3524.72,528.71,2996.01,2763.64,212.72,54.31,-34.66,Completed,-1.16,Loss,Medium Discount
O00954,2026-05-24 10:28:11,C0092,P014,5,9054.92,0,45274.6,0.0,45274.6,30778.95,493.67,1159.65,12842.33,Completed,28.37,Profit,No Discount
O00955,2026-07-14 22:40:44,C0007,P038,4,7609.77,0,30439.08,0.0,30439.08,21013.12,275.52,538.02,8612.42,Pending,28.29,Profit,No Discount
O00956,2026-08-09 07:39:49,C0083,P048,4,4611.21,15,18444.84,2766.73,15678.11,14826.88,440.07,437.1,-25.94,Cancelled,-0.17,Loss,Medium Discount
O00957,2026-06-22 21:51:11,C0034,P042,3,60982.04,15,182946.12,27441.92,155504.2,135971.16,390.62,3441.98,15700.44,Completed,10.1,Profit,Medium Discount
O00958,2026-07-15 22:29:24,C0025,P014,4,9054.92,10,36219.68,3621.97,32597.71,24623.16,451.34,513.2,7010.01,Completed,21.5,Profit,Medium Discount
O00959,2026-07-22 02:16:45,C0074,P004,3,1247.78,0,3743.34,0.0,3743.34,2985.36,462.92,87.83,207.23,Pending,5.54,Profit,No Discount
O00960,2026-06-09 03:38:03,C0010,P019,3,58038.98,0,174116.94,0.0,174116.94,121333.17,257.92,4885.82,47640.03,Completed,27.36,Profit,No Discount
O00961,2026-07-04 02:06:32,C0006,P043,3,16032.71,5,48098.13,2404.91,45693.22,34989.69,337.2,776.79,9589.54,Cancelled,20.99,Profit,Low Discount
O00962,2026-08-13 09:30:21,C0002,P029,1,44167.07,15,44167.07,6625.06,37542.01,31749.78,482.73,957.38,4352.12,Completed,11.59,Profit,Medium Discount
O00963,2026-07-12 09:18:53,C0097,P047,4,24905.73,10,99622.92,9962.29,89660.63,75039.24,411.74,1809.15,12400.5,Completed,13.83,Profit,Medium Discount
O00964,2026-05-30 15:56:55,C0033,P040,5,30510.63,0,152553.15,0.0,152553.15,123979.55,290.96,1785.31,26497.33,Completed,17.37,Profit,No Discount
O00965,2026-06-08 07:29:54,C0087,P035,2,54528.17,25,109056.34,27264.08,81792.26,88310.58,193.87,2238.0,-8950.19,Cancelled,-10.94,Loss,High Discount
O00966,2026-06-30 13:01:02,C0062,P046,2,19668.85,5,39337.7,1966.88,37370.81,29727.1,402.32,704.56,6536.83,Completed,17.49,Profit,Low Discount
O00967,2026-07-17 16:53:08,C0049,P046,5,19668.85,5,98344.25,4917.21,93427.04,74317.75,215.3,1917.02,16976.97,Completed,18.17,Profit,Low Discount
O00968,2026-06-10 10:16:13,C0017,P033,4,39743.89,15,158975.56,23846.33,135129.23,108656.44,192.4,2276.08,24004.31,Completed,17.76,Profit,Medium Discount
O00969,2026-06-30 09:20:13,C0077,P021,2,57718.84,10,115437.68,11543.77,103893.91,90720.12,63.18,2323.28,10787.33,Completed,10.38,Profit,Medium Discount
O00970,2026-06-10 13:24:52,C0065,P020,1,57264.84,10,57264.84,5726.48,51538.36,44187.36,249.05,1204.63,5897.32,Completed,11.44,Profit,Medium Discount
O00971,2026-07-20 12:18:42,C0011,P012,2,70135.64,0,140271.28,0.0,140271.28,91529.98,66.9,3414.71,45259.69,Completed,32.27,Profit,No Discount
O00972,2026-05-17 16:21:28,C0039,P026,1,3524.72,0,3524.72,0.0,3524.72,2763.64,257.32,55.43,448.33,Completed,12.72,Profit,No Discount
O00973,2026-08-12 01:04:08,C0077,P031,3,16534.23,15,49602.69,7440.4,42162.29,34438.47,421.36,1153.73,6148.73,Completed,14.58,Profit,Medium Discount
O00974,2026-08-02 21:23:28,C0056,P033,2,39743.89,15,79487.78,11923.17,67564.61,54328.22,53.31,1375.89,11807.19,Completed,17.48,Profit,Medium Discount
O00975,2026-06-30 22:34:44,C0055,P039,2,35994.24,10,71988.48,7198.85,64789.63,45063.04,251.38,1885.41,17589.8,Cancelled,27.15,Profit,Medium Discount
O00976,2026-08-12 06:25:49,C0077,P036,1,65042.97,10,65042.97,6504.3,58538.67,42363.72,158.11,1135.42,14881.42,Completed,25.42,Profit,Medium Discount
O00977,2026-06-13 16:41:26,C0028,P027,1,10161.47,15,10161.47,1524.22,8637.25,7415.76,348.81,144.82,727.86,Cancelled,8.43,Profit,Medium Discount
O00978,2026-07-21 13:24:29,C0014,P027,1,10161.47,0,10161.47,0.0,10161.47,7415.76,383.59,269.81,2092.31,Pending,20.59,Profit,No Discount
O00979,2026-07-08 20:07:34,C0054,P005,5,57603.46,10,288017.3,28801.73,259215.57,227420.8,62.53,3870.9,27861.34,Completed,10.75,Profit,Medium Discount
O00980,2026-06-01 02:34:12,C0038,P032,3,39676.81,25,119030.43,29757.61,89272.82,77952.06,169.75,2380.36,8770.65,Completed,9.82,Profit,High Discount
O00981,2026-05-23 22:34:15,C0008,P017,4,42246.44,15,168985.76,25347.86,143637.9,139346.8,362.03,4282.26,-353.19,Completed,-0.25,Loss,Medium Discount
O00982,2026-06-28 15:45:54,C0027,P048,4,4611.21,20,18444.84,3688.97,14755.87,14826.88,357.89,407.98,-836.88,Completed,-5.67,Loss,High Discount
O00983,2026-06-19 07:41:11,C0020,P016,1,6487.76,15,6487.76,973.16,5514.6,5572.99,285.22,57.75,-401.36,Completed,-7.28,Loss,Medium Discount
O00984,2026-07-12 19:36:05,C0093,P041,4,33978.49,0,135913.96,0.0,135913.96,114007.08,208.5,3687.54,18010.84,Completed,13.25,Profit,No Discount
O00985,2026-06-14 19:32:24,C0073,P039,2,35994.24,20,71988.48,14397.7,57590.78,45063.04,398.72,1422.78,10706.24,Completed,18.59,Profit,High Discount
O00986,2026-07-17 19:17:43,C0006,P044,3,14190.49,0,42571.47,0.0,42571.47,27060.33,201.36,925.29,14384.49,Completed,33.79,Profit,No Discount
O00987,2026-06-26 23:10:18,C0069,P018,1,5164.57,5,5164.57,258.23,4906.34,4033.6,315.86,119.86,437.02,Cancelled,8.91,Profit,Low Discount
O00988,2026-07-22 19:00:26,C0056,P012,5,70135.64,15,350678.2,52601.73,298076.47,228824.95,302.97,6275.73,62672.82,Completed,21.03,Profit,Medium Discount
O00989,2026-06-10 01:13:52,C0059,P029,3,44167.07,15,132501.21,19875.18,112626.03,95249.34,139.19,1450.63,15786.87,Pending,14.02,Profit,Medium Discount
O00990,2026-06-30 02:57:53,C0033,P031,3,16534.23,10,49602.69,4960.27,44642.42,34438.47,428.49,1336.46,8439.0,Completed,18.9,Profit,Medium Discount
O00991,2026-08-06 20:09:40,C0062,P023,1,17155.13,15,17155.13,2573.27,14581.86,13616.73,153.68,345.65,465.8,Pending,3.19,Profit,Medium Discount
O00992,2026-06-15 02:27:17,C0030,P017,3,42246.44,5,126739.32,6336.97,120402.35,104510.1,415.16,1337.33,14139.76,Completed,11.74,Profit,Low Discount
O00993,2026-06-05 02:40:10,C0059,P049,4,24913.36,15,99653.44,14948.02,84705.42,65052.12,148.86,1607.85,17896.59,Completed,21.13,Profit,Medium Discount
O00994,2026-06-23 02:51:37,C0062,P047,2,24905.73,15,49811.46,7471.72,42339.74,37519.62,329.9,880.73,3609.49,Completed,8.53,Profit,Medium Discount
O00995,2026-08-07 14:52:33,C0040,P019,3,58038.98,10,174116.94,17411.69,156705.25,121333.17,330.16,1598.54,33443.38,Completed,21.34,Profit,Medium Discount
O00996,2026-07-02 16:25:00,C0072,P048,2,4611.21,10,9222.42,922.24,8300.18,7413.44,426.53,110.17,350.04,Completed,4.22,Profit,Medium Discount
O00997,2026-05-27 02:58:49,C0010,P007,1,63520.31,5,63520.31,3176.02,60344.29,44762.4,249.67,1679.16,13653.06,Completed,22.63,Profit,Low Discount
O00998,2026-06-08 19:11:22,C0007,P042,1,60982.04,25,60982.04,15245.51,45736.53,45323.72,323.46,1356.9,-1267.55,Completed,-2.77,Loss,High Discount
O00999,2026-06-22 19:06:12,C0073,P012,3,70135.64,15,210406.92,31561.04,178845.88,137294.97,397.16,5061.84,36091.91,Completed,20.18,Profit,Medium Discount
O01000,2026-07-11 07:08:12,C0039,P024,1,4338.48,15,4338.48,650.77,3687.71,3431.63,409.59,74.38,-227.89,Completed,-6.18,Loss,Medium Discount
